-- CNAE 2.3 IBGE — gerado por cmd/gen-cnae-seed
-- Equivale ao JOIN Kelvin: secoes → divisoes → grupos → classes → subclasses
-- IF NOT EXISTS: seguro em bases que já tiveram só 014 (sem estas tabelas).

CREATE TABLE IF NOT EXISTS public.ibge_cnae_secao (
    id        smallserial PRIMARY KEY,
    nome      text NOT NULL UNIQUE
);

CREATE TABLE IF NOT EXISTS public.ibge_cnae_divisao (
    id        serial PRIMARY KEY,
    secao_id  smallint NOT NULL REFERENCES public.ibge_cnae_secao (id) ON DELETE CASCADE,
    nome      text NOT NULL,
    UNIQUE (secao_id, nome)
);

CREATE TABLE IF NOT EXISTS public.ibge_cnae_grupo (
    id           serial PRIMARY KEY,
    divisao_id   int NOT NULL REFERENCES public.ibge_cnae_divisao (id) ON DELETE CASCADE,
    nome         text NOT NULL,
    UNIQUE (divisao_id, nome)
);

CREATE TABLE IF NOT EXISTS public.ibge_cnae_classe (
    id         serial PRIMARY KEY,
    grupo_id   int NOT NULL REFERENCES public.ibge_cnae_grupo (id) ON DELETE CASCADE,
    nome       text NOT NULL,
    UNIQUE (grupo_id, nome)
);

CREATE TABLE IF NOT EXISTS public.ibge_cnae_subclasse (
    id          serial PRIMARY KEY,
    classe_id   int NOT NULL REFERENCES public.ibge_cnae_classe (id) ON DELETE CASCADE,
    codigo      char(7) NOT NULL UNIQUE,
    nome        text NOT NULL
);

BEGIN;
TRUNCATE public.ibge_cnae_secao RESTART IDENTITY CASCADE;
DELETE FROM public.cnae;

INSERT INTO public.ibge_cnae_secao (id, nome) VALUES
(1,'AGRICULTURA, PECUÁRIA, PRODUÇÃO FLORESTAL, PESCA E AQUICULTURA'),
(2,'INDÚSTRIAS EXTRATIVAS'),
(3,'INDÚSTRIAS DE TRANSFORMAÇÃO'),
(4,'ELETRICIDADE E GÁS'),
(5,'ÁGUA, ESGOTO, ATIVIDADES DE GESTÃO DE RESÍDUOS E DESCONTAMINAÇÃO'),
(6,'CONSTRUÇÃO'),
(7,'TRANSPORTE, ARMAZENAGEM E CORREIO'),
(8,'ALOJAMENTO E ALIMENTAÇÃO'),
(9,'COMÉRCIO; REPARAÇÃO DE VEÍCULOS AUTOMOTORES E MOTOCICLETAS'),
(10,'INFORMAÇÃO E COMUNICAÇÃO'),
(11,'ATIVIDADES PROFISSIONAIS, CIENTÍFICAS E TÉCNICAS'),
(12,'ATIVIDADES FINANCEIRAS, DE SEGUROS E SERVIÇOS RELACIONADOS'),
(13,'ATIVIDADES IMOBILIÁRIAS'),
(14,'ARTES, CULTURA, ESPORTE E RECREAÇÃO'),
(15,'ATIVIDADES ADMINISTRATIVAS E SERVIÇOS COMPLEMENTARES'),
(16,'ADMINISTRAÇÃO PÚBLICA, DEFESA E SEGURIDADE SOCIAL'),
(17,'EDUCAÇÃO'),
(18,'SAÚDE HUMANA E SERVIÇOS SOCIAIS'),
(19,'OUTRAS ATIVIDADES DE SERVIÇOS'),
(20,'SERVIÇOS DOMÉSTICOS'),
(21,'ORGANISMOS INTERNACIONAIS E OUTRAS INSTITUIÇÕES EXTRATERRITORIAIS');

INSERT INTO public.ibge_cnae_divisao (id, secao_id, nome) VALUES
(1,1,'AGRICULTURA, PECUÁRIA E SERVIÇOS RELACIONADOS'),
(2,1,'PRODUÇÃO FLORESTAL'),
(3,1,'PESCA E AQUICULTURA'),
(4,2,'EXTRAÇÃO DE CARVÃO MINERAL'),
(5,2,'EXTRAÇÃO DE PETRÓLEO E GÁS NATURAL'),
(6,2,'EXTRAÇÃO DE MINERAIS METÁLICOS'),
(7,2,'EXTRAÇÃO DE MINERAIS NÃO-METÁLICOS'),
(8,2,'ATIVIDADES DE APOIO À EXTRAÇÃO DE MINERAIS'),
(9,3,'FABRICAÇÃO DE PRODUTOS ALIMENTÍCIOS'),
(10,3,'FABRICAÇÃO DE BEBIDAS'),
(11,3,'FABRICAÇÃO DE PRODUTOS DO FUMO'),
(12,3,'FABRICAÇÃO DE PRODUTOS TÊXTEIS'),
(13,3,'CONFECÇÃO DE ARTIGOS DO VESTUÁRIO E ACESSÓRIOS'),
(14,3,'PREPARAÇÃO DE COUROS E FABRICAÇÃO DE ARTEFATOS DE COURO, ARTIGOS PARA VIAGEM E CALÇADOS'),
(15,3,'FABRICAÇÃO DE PRODUTOS DE MADEIRA'),
(16,3,'FABRICAÇÃO DE CELULOSE, PAPEL E PRODUTOS DE PAPEL'),
(17,3,'IMPRESSÃO E REPRODUÇÃO DE GRAVAÇÕES'),
(18,3,'FABRICAÇÃO DE COQUE, DE PRODUTOS DERIVADOS DO PETRÓLEO E DE BIOCOMBUSTÍVEIS'),
(19,3,'FABRICAÇÃO DE VEÍCULOS AUTOMOTORES, REBOQUES E CARROCERIAS'),
(20,3,'FABRICAÇÃO DE PRODUTOS QUÍMICOS'),
(21,3,'FABRICAÇÃO DE PRODUTOS FARMOQUÍMICOS E FARMACÊUTICOS'),
(22,3,'FABRICAÇÃO DE PRODUTOS DE BORRACHA E DE MATERIAL PLÁSTICO'),
(23,3,'FABRICAÇÃO DE PRODUTOS DE MINERAIS NÃO-METÁLICOS'),
(24,3,'METALURGIA'),
(25,3,'FABRICAÇÃO DE PRODUTOS DE METAL, EXCETO MÁQUINAS  E EQUIPAMENTOS'),
(26,3,'FABRICAÇÃO DE EQUIPAMENTOS DE INFORMÁTICA, PRODUTOS ELETRÔNICOS E ÓPTICOS'),
(27,3,'FABRICAÇÃO DE MÁQUINAS, APARELHOS E MATERIAIS ELÉTRICOS'),
(28,3,'FABRICAÇÃO DE MÁQUINAS E EQUIPAMENTOS'),
(29,3,'FABRICAÇÃO DE OUTROS EQUIPAMENTOS DE TRANSPORTE, EXCETO VEÍCULOS AUTOMOTORES'),
(30,3,'FABRICAÇÃO DE MÓVEIS'),
(31,3,'FABRICAÇÃO DE PRODUTOS DIVERSOS'),
(32,3,'MANUTENÇÃO, REPARAÇÃO E INSTALAÇÃO DE MÁQUINAS E EQUIPAMENTOS'),
(33,4,'ELETRICIDADE, GÁS E OUTRAS UTILIDADES'),
(34,5,'CAPTAÇÃO, TRATAMENTO E DISTRIBUIÇÃO DE ÁGUA'),
(35,5,'ESGOTO E ATIVIDADES RELACIONADAS'),
(36,5,'COLETA, TRATAMENTO E DISPOSIÇÃO DE RESÍDUOS; RECUPERAÇÃO DE MATERIAIS'),
(37,5,'DESCONTAMINAÇÃO E OUTROS SERVIÇOS DE GESTÃO DE RESÍDUOS'),
(38,6,'CONSTRUÇÃO DE EDIFÍCIOS'),
(39,6,'OBRAS DE INFRA-ESTRUTURA'),
(40,7,'ARMAZENAMENTO E ATIVIDADES AUXILIARES DOS TRANSPORTES');

INSERT INTO public.ibge_cnae_divisao (id, secao_id, nome) VALUES
(41,7,'CORREIO E OUTRAS ATIVIDADES DE ENTREGA'),
(42,8,'ALOJAMENTO'),
(43,8,'ALIMENTAÇÃO'),
(44,6,'SERVIÇOS ESPECIALIZADOS PARA CONSTRUÇÃO'),
(45,9,'COMÉRCIO E REPARAÇÃO DE VEÍCULOS AUTOMOTORES E MOTOCICLETAS'),
(46,10,'ATIVIDADES DE RÁDIO E DE TELEVISÃO'),
(47,9,'COMÉRCIO POR ATACADO, EXCETO VEÍCULOS AUTOMOTORES E MOTOCICLETAS'),
(48,9,'COMÉRCIO VAREJISTA'),
(49,7,'TRANSPORTE TERRESTRE'),
(50,7,'TRANSPORTE AQUAVIÁRIO'),
(51,7,'TRANSPORTE AÉREO'),
(52,11,'SERVIÇOS DE ARQUITETURA E ENGENHARIA; TESTES E ANÁLISES TÉCNICAS'),
(53,10,'EDIÇÃO E EDIÇÃO INTEGRADA À IMPRESSÃO'),
(54,10,'ATIVIDADES CINEMATOGRÁFICAS, PRODUÇÃO DE VÍDEOS E DE PROGRAMAS DE TELEVISÃO; GRAVAÇÃO DE SOM E EDIÇÃO DE MÚSICA'),
(55,10,'TELECOMUNICAÇÕES'),
(56,10,'ATIVIDADES DOS SERVIÇOS DE TECNOLOGIA DA INFORMAÇÃO'),
(57,10,'ATIVIDADES DE PRESTAÇÃO DE SERVIÇOS DE INFORMAÇÃO'),
(58,12,'ATIVIDADES DE SERVIÇOS FINANCEIROS'),
(59,12,'SEGUROS, RESSEGUROS, PREVIDÊNCIA COMPLEMENTAR E PLANOS DE SAÚDE'),
(60,12,'ATIVIDADES AUXILIARES DOS SERVIÇOS FINANCEIROS, SEGUROS, PREVIDÊNCIA COMPLEMENTAR E PLANOS DE SAÚDE'),
(61,13,'ATIVIDADES IMOBILIÁRIAS'),
(62,11,'ATIVIDADES JURÍDICAS, DE CONTABILIDADE E DE AUDITORIA'),
(63,11,'ATIVIDADES DE SEDES DE EMPRESAS E DE CONSULTORIA EM GESTÃO EMPRESARIAL'),
(64,11,'PESQUISA E DESENVOLVIMENTO CIENTÍFICO'),
(65,11,'PUBLICIDADE E PESQUISA DE MERCADO'),
(66,11,'OUTRAS ATIVIDADES PROFISSIONAIS, CIENTÍFICAS E TÉCNICAS'),
(67,11,'ATIVIDADES VETERINÁRIAS'),
(68,14,'ATIVIDADES LIGADAS AO PATRIMÔNIO CULTURAL E AMBIENTAL'),
(69,14,'ATIVIDADES DE EXPLORAÇÃO DE JOGOS DE AZAR E APOSTAS'),
(70,15,'ALUGUÉIS NÃO-IMOBILIÁRIOS E GESTÃO DE ATIVOS INTANGÍVEIS NÃO-FINANCEIROS'),
(71,15,'SELEÇÃO, AGENCIAMENTO E LOCAÇÃO DE MÃO-DE-OBRA'),
(72,15,'AGÊNCIAS DE VIAGENS, OPERADORES TURÍSTICOS E SERVIÇOS DE RESERVAS'),
(73,15,'ATIVIDADES DE VIGILÂNCIA, SEGURANÇA E INVESTIGAÇÃO'),
(74,15,'SERVIÇOS PARA EDIFÍCIOS E ATIVIDADES PAISAGÍSTICAS'),
(75,15,'SERVIÇOS DE ESCRITÓRIO, DE APOIO ADMINISTRATIVO E OUTROS SERVIÇOS PRESTADOS PRINCIPALMENTE ÀS EMPRESAS'),
(76,16,'ADMINISTRAÇÃO PÚBLICA, DEFESA E SEGURIDADE SOCIAL'),
(77,17,'EDUCAÇÃO'),
(78,18,'ATIVIDADES DE ATENÇÃO À SAÚDE HUMANA'),
(79,18,'ATIVIDADES DE ATENÇÃO À SAÚDE HUMANA INTEGRADAS COM ASSISTÊNCIA SOCIAL, PRESTADAS EM RESIDÊNCIAS COLETIVAS E PARTICULARES'),
(80,18,'SERVIÇOS DE ASSISTÊNCIA SOCIAL SEM ALOJAMENTO');

INSERT INTO public.ibge_cnae_divisao (id, secao_id, nome) VALUES
(81,14,'ATIVIDADES ARTÍSTICAS, CRIATIVAS E DE ESPETÁCULOS'),
(82,14,'ATIVIDADES ESPORTIVAS E DE RECREAÇÃO E LAZER'),
(83,19,'ATIVIDADES DE ORGANIZAÇÕES ASSOCIATIVAS'),
(84,19,'REPARAÇÃO E MANUTENÇÃO DE EQUIPAMENTOS DE INFORMÁTICA E COMUNICAÇÃO E DE OBJETOS PESSOAIS E DOMÉSTICOS'),
(85,19,'OUTRAS ATIVIDADES DE SERVIÇOS PESSOAIS'),
(86,20,'SERVIÇOS DOMÉSTICOS'),
(87,21,'ORGANISMOS INTERNACIONAIS E OUTRAS INSTITUIÇÕES EXTRATERRITORIAIS');

INSERT INTO public.ibge_cnae_grupo (id, divisao_id, nome) VALUES
(1,1,'PRODUÇÃO DE LAVOURAS TEMPORÁRIAS'),
(2,1,'HORTICULTURA E FLORICULTURA'),
(3,1,'PRODUÇÃO DE LAVOURAS PERMANENTES'),
(4,1,'PRODUÇÃO DE SEMENTES E MUDAS CERTIFICADAS'),
(5,1,'PECUÁRIA'),
(6,1,'ATIVIDADES DE APOIO À AGRICULTURA E À PECUÁRIA; ATIVIDADES DE PÓS-COLHEITA'),
(7,1,'CAÇA E SERVIÇOS RELACIONADOS'),
(8,2,'PRODUÇÃO FLORESTAL - FLORESTAS PLANTADAS'),
(9,2,'PRODUÇÃO FLORESTAL - FLORESTAS NATIVAS'),
(10,2,'ATIVIDADES DE APOIO À PRODUÇÃO FLORESTAL'),
(11,3,'PESCA'),
(12,3,'AQUICULTURA'),
(13,4,'EXTRAÇÃO DE CARVÃO MINERAL'),
(14,5,'EXTRAÇÃO DE PETRÓLEO E GÁS NATURAL'),
(15,6,'EXTRAÇÃO DE MINÉRIO DE FERRO'),
(16,6,'EXTRAÇÃO DE MINERAIS METÁLICOS NÃO-FERROSOS'),
(17,7,'EXTRAÇÃO DE PEDRA, AREIA E ARGILA'),
(18,7,'EXTRAÇÃO DE OUTROS MINERAIS NÃO-METÁLICOS'),
(19,8,'ATIVIDADES DE APOIO À EXTRAÇÃO DE PETRÓLEO E GÁS NATURAL'),
(20,8,'ATIVIDADES DE APOIO À EXTRAÇÃO DE MINERAIS, EXCETO PETRÓLEO E GÁS NATURAL'),
(21,9,'ABATE E FABRICAÇÃO DE PRODUTOS DE CARNE'),
(22,9,'PRESERVAÇÃO DO PESCADO E FABRICAÇÃO DE PRODUTOS DO PESCADO'),
(23,9,'FABRICAÇÃO DE CONSERVAS DE FRUTAS, LEGUMES E OUTROS VEGETAIS'),
(24,9,'FABRICAÇÃO DE ÓLEOS E GORDURAS VEGETAIS E ANIMAIS'),
(25,9,'LATICÍNIOS'),
(26,9,'MOAGEM, FABRICAÇÃO DE PRODUTOS AMILÁCEOS E DE ALIMENTOS PARA ANIMAIS'),
(27,9,'FABRICAÇÃO E REFINO DE AÇÚCAR'),
(28,9,'TORREFAÇÃO E MOAGEM DE CAFÉ'),
(29,9,'FABRICAÇÃO DE OUTROS PRODUTOS ALIMENTÍCIOS'),
(30,10,'FABRICAÇÃO DE BEBIDAS ALCOÓLICAS'),
(31,10,'FABRICAÇÃO DE BEBIDAS NÃO-ALCOÓLICAS'),
(32,11,'PROCESSAMENTO INDUSTRIAL DO FUMO'),
(33,11,'FABRICAÇÃO DE PRODUTOS DO FUMO'),
(34,12,'PREPARAÇÃO E FIAÇÃO DE FIBRAS TÊXTEIS'),
(35,12,'TECELAGEM, EXCETO MALHA'),
(36,12,'FABRICAÇÃO DE TECIDOS DE MALHA'),
(37,12,'ACABAMENTOS EM FIOS, TECIDOS E ARTEFATOS TÊXTEIS'),
(38,12,'FABRICAÇÃO DE ARTEFATOS TÊXTEIS, EXCETO VESTUÁRIO'),
(39,13,'CONFECÇÃO DE ARTIGOS DO VESTUÁRIO E ACESSÓRIOS'),
(40,13,'FABRICAÇÃO DE ARTIGOS DE MALHARIA E TRICOTAGEM');

INSERT INTO public.ibge_cnae_grupo (id, divisao_id, nome) VALUES
(41,14,'CURTIMENTO E OUTRAS PREPARAÇÕES DE COURO'),
(42,14,'FABRICAÇÃO DE ARTIGOS PARA VIAGEM E DE ARTEFATOS DIVERSOS DE COURO'),
(43,14,'FABRICAÇÃO DE CALÇADOS'),
(44,14,'FABRICAÇÃO DE PARTES PARA CALÇADOS, DE QUALQUER MATERIAL'),
(45,15,'DESDOBRAMENTO DE MADEIRA'),
(46,15,'FABRICAÇÃO DE PRODUTOS DE MADEIRA, CORTIÇA E MATERIAL TRANÇADO, EXCETO MÓVEIS'),
(47,16,'FABRICAÇÃO DE CELULOSE E OUTRAS PASTAS PARA A FABRICAÇÃO DE PAPEL'),
(48,16,'FABRICAÇÃO DE PAPEL, CARTOLINA E PAPEL-CARTÃO'),
(49,16,'FABRICAÇÃO DE EMBALAGENS DE PAPEL, CARTOLINA, PAPEL-CARTÃO E PAPELÃO ONDULADO'),
(50,16,'FABRICAÇÃO DE PRODUTOS DIVERSOS DE PAPEL, CARTOLINA, PAPEL-CARTÃO E PAPELÃO ONDULADO'),
(51,17,'ATIVIDADE DE IMPRESSÃO'),
(52,17,'SERVIÇOS DE PRÉ-IMPRESSÃO E ACABAMENTOS GRÁFICOS'),
(53,17,'REPRODUÇÃO DE MATERIAIS GRAVADOS EM QUALQUER SUPORTE'),
(54,18,'COQUERIAS'),
(55,18,'FABRICAÇÃO DE PRODUTOS DERIVADOS DO PETRÓLEO'),
(56,18,'FABRICAÇÃO DE BIOCOMBUSTÍVEIS'),
(57,19,'FABRICAÇÃO DE AUTOMÓVEIS, CAMIONETAS E UTILITÁRIOS'),
(58,19,'FABRICAÇÃO DE CAMINHÕES E ÔNIBUS'),
(59,19,'FABRICAÇÃO DE CABINES, CARROCERIAS E REBOQUES PARA VEÍCULOS AUTOMOTORES'),
(60,19,'FABRICAÇÃO DE PEÇAS E ACESSÓRIOS PARA VEÍCULOS AUTOMOTORES'),
(61,19,'RECONDICIONAMENTO E RECUPERAÇÃO DE MOTORES PARA VEÍCULOS AUTOMOTORES'),
(62,20,'FABRICAÇÃO DE PRODUTOS QUÍMICOS INORGÂNICOS'),
(63,20,'FABRICAÇÃO DE PRODUTOS QUÍMICOS ORGÂNICOS'),
(64,20,'FABRICAÇÃO DE RESINAS E ELASTÔMEROS'),
(65,20,'FABRICAÇÃO DE FIBRAS ARTIFICIAIS E SINTÉTICAS'),
(66,20,'FABRICAÇÃO DE DEFENSIVOS AGRÍCOLAS E DESINFESTANTES DOMISSANITÁRIOS'),
(67,20,'FABRICAÇÃO DE SABÕES, DETERGENTES, PRODUTOS DE LIMPEZA, COSMÉTICOS, PRODUTOS DE PERFUMARIA E DE HIGIENE PESSOAL'),
(68,20,'FABRICAÇÃO DE TINTAS, VERNIZES, ESMALTES, LACAS E PRODUTOS AFINS'),
(69,20,'FABRICAÇÃO DE PRODUTOS E PREPARADOS QUÍMICOS DIVERSOS'),
(70,21,'FABRICAÇÃO DE PRODUTOS FARMOQUÍMICOS'),
(71,21,'FABRICAÇÃO DE PRODUTOS FARMACÊUTICOS'),
(72,22,'FABRICAÇÃO DE PRODUTOS DE BORRACHA'),
(73,22,'FABRICAÇÃO DE PRODUTOS DE MATERIAL PLÁSTICO'),
(74,23,'FABRICAÇÃO DE VIDRO E DE PRODUTOS DO VIDRO'),
(75,23,'FABRICAÇÃO DE CIMENTO'),
(76,23,'FABRICAÇÃO DE ARTEFATOS DE CONCRETO, CIMENTO, FIBROCIMENTO, GESSO E MATERIAIS SEMELHANTES'),
(77,23,'FABRICAÇÃO DE PRODUTOS CERÂMICOS'),
(78,23,'APARELHAMENTO DE PEDRAS E FABRICAÇÃO DE OUTROS PRODUTOS DE MINERAIS NÃO-METÁLICOS'),
(79,24,'PRODUÇÃO DE FERRO-GUSA E DE FERROLIGAS'),
(80,24,'SIDERURGIA');

INSERT INTO public.ibge_cnae_grupo (id, divisao_id, nome) VALUES
(81,24,'PRODUÇÃO DE TUBOS DE AÇO, EXCETO TUBOS SEM COSTURA'),
(82,24,'METALURGIA DOS METAIS NÃO-FERROSOS'),
(83,24,'FUNDIÇÃO'),
(84,25,'FABRICAÇÃO DE ESTRUTURAS METÁLICAS E OBRAS DE CALDEIRARIA PESADA'),
(85,25,'FABRICAÇÃO DE TANQUES, RESERVATÓRIOS METÁLICOS E CALDEIRAS'),
(86,25,'FORJARIA, ESTAMPARIA, METALURGIA DO PÓ E SERVIÇOS DE TRATAMENTO DE METAIS'),
(87,25,'FABRICAÇÃO DE ARTIGOS DE CUTELARIA, DE SERRALHERIA E FERRAMENTAS'),
(88,25,'FABRICAÇÃO DE EQUIPAMENTO BÉLICO PESADO, ARMAS E MUNIÇÕES'),
(89,25,'FABRICAÇÃO DE PRODUTOS DE METAL NÃO ESPECIFICADOS ANTERIORMENTE'),
(90,26,'FABRICAÇÃO DE COMPONENTES ELETRÔNICOS'),
(91,26,'FABRICAÇÃO DE EQUIPAMENTOS DE INFORMÁTICA E PERIFÉRICOS'),
(92,26,'FABRICAÇÃO DE EQUIPAMENTOS DE COMUNICAÇÃO'),
(93,26,'FABRICAÇÃO DE APARELHOS DE RECEPÇÃO, REPRODUÇÃO, GRAVAÇÃO E AMPLIFICAÇÃO DE ÁUDIO E VÍDEO'),
(94,26,'FABRICAÇÃO DE APARELHOS E INSTRUMENTOS DE MEDIDA, TESTE E CONTROLE; CRONÔMETROS E RELÓGIOS'),
(95,26,'FABRICAÇÃO DE APARELHOS ELETROMÉDICOS E ELETROTERAPÊUTICOS E EQUIPAMENTOS DE IRRADIAÇÃO'),
(96,26,'FABRICAÇÃO DE EQUIPAMENTOS E INSTRUMENTOS ÓPTICOS, FOTOGRÁFICOS E CINEMATOGRÁFICOS'),
(97,26,'FABRICAÇÃO DE MÍDIAS VIRGENS, MAGNÉTICAS E ÓPTICAS'),
(98,27,'FABRICAÇÃO DE GERADORES, TRANSFORMADORES E MOTORES ELÉTRICOS'),
(99,27,'FABRICAÇÃO DE PILHAS, BATERIAS E ACUMULADORES ELÉTRICOS'),
(100,27,'FABRICAÇÃO DE EQUIPAMENTOS PARA DISTRIBUIÇÃO E CONTROLE DE ENERGIA ELÉTRICA'),
(101,27,'FABRICAÇÃO DE LÂMPADAS E OUTROS EQUIPAMENTOS DE ILUMINAÇÃO'),
(102,27,'FABRICAÇÃO DE ELETRODOMÉSTICOS'),
(103,27,'FABRICAÇÃO DE EQUIPAMENTOS E APARELHOS ELÉTRICOS NÃO ESPECIFICADOS ANTERIORMENTE'),
(104,28,'FABRICAÇÃO DE MOTORES, BOMBAS, COMPRESSORES E EQUIPAMENTOS DE TRANSMISSÃO'),
(105,28,'FABRICAÇÃO DE MÁQUINAS E EQUIPAMENTOS DE USO GERAL'),
(106,28,'FABRICAÇÃO DE TRATORES E DE MÁQUINAS E EQUIPAMENTOS PARA A AGRICULTURA E PECUÁRIA'),
(107,28,'FABRICAÇÃO DE MÁQUINAS-FERRAMENTA'),
(108,28,'FABRICAÇÃO DE MÁQUINAS E EQUIPAMENTOS DE USO NA EXTRAÇÃO MINERAL E NA CONSTRUÇÃO'),
(109,28,'FABRICAÇÃO DE MÁQUINAS E EQUIPAMENTOS DE USO INDUSTRIAL ESPECÍFICO'),
(110,29,'CONSTRUÇÃO DE EMBARCAÇÕES'),
(111,29,'FABRICAÇÃO DE VEÍCULOS FERROVIÁRIOS'),
(112,29,'FABRICAÇÃO DE AERONAVES'),
(113,29,'FABRICAÇÃO DE VEÍCULOS MILITARES DE COMBATE'),
(114,29,'FABRICAÇÃO DE EQUIPAMENTOS DE TRANSPORTE NÃO ESPECIFICADOS ANTERIORMENTE'),
(115,30,'FABRICAÇÃO DE MÓVEIS'),
(116,31,'FABRICAÇÃO DE ARTIGOS DE JOALHERIA, BIJUTERIA E SEMELHANTES'),
(117,31,'FABRICAÇÃO DE INSTRUMENTOS MUSICAIS'),
(118,31,'FABRICAÇÃO DE ARTEFATOS PARA PESCA E ESPORTE'),
(119,31,'FABRICAÇÃO DE BRINQUEDOS E JOGOS RECREATIVOS'),
(120,31,'FABRICAÇÃO DE INSTRUMENTOS E MATERIAIS PARA USO MÉDICO E ODONTOLÓGICO E DE ARTIGOS ÓPTICOS');

INSERT INTO public.ibge_cnae_grupo (id, divisao_id, nome) VALUES
(121,31,'FABRICAÇÃO DE PRODUTOS DIVERSOS'),
(122,32,'MANUTENÇÃO E REPARAÇÃO DE MÁQUINAS E EQUIPAMENTOS'),
(123,32,'INSTALAÇÃO DE MÁQUINAS E EQUIPAMENTOS'),
(124,33,'GERAÇÃO, TRANSMISSÃO E DISTRIBUIÇÃO DE ENERGIA ELÉTRICA'),
(125,33,'PRODUÇÃO E DISTRIBUIÇÃO DE COMBUSTÍVEIS GASOSOS POR REDES URBANAS'),
(126,33,'PRODUÇÃO E DISTRIBUIÇÃO DE VAPOR, ÁGUA QUENTE E AR CONDICIONADO'),
(127,34,'CAPTAÇÃO, TRATAMENTO E DISTRIBUIÇÃO DE ÁGUA'),
(128,35,'ESGOTO E ATIVIDADES RELACIONADAS'),
(129,36,'COLETA DE RESÍDUOS'),
(130,36,'TRATAMENTO E DISPOSIÇÃO DE RESÍDUOS'),
(131,36,'RECUPERAÇÃO DE MATERIAIS'),
(132,37,'DESCONTAMINAÇÃO E OUTROS SERVIÇOS DE GESTÃO DE RESÍDUOS'),
(133,38,'INCORPORAÇÃO DE EMPREENDIMENTOS IMOBILIÁRIOS'),
(134,38,'CONSTRUÇÃO DE EDIFÍCIOS'),
(135,39,'CONSTRUÇÃO DE RODOVIAS, FERROVIAS, OBRAS URBANAS E OBRAS-DE-ARTE ESPECIAIS'),
(136,39,'OBRAS DE INFRA-ESTRUTURA PARA ENERGIA ELÉTRICA, TELECOMUNICAÇÕES, ÁGUA, ESGOTO E TRANSPORTE POR DUTOS'),
(137,39,'CONSTRUÇÃO DE OUTRAS OBRAS DE INFRA-ESTRUTURA'),
(138,40,'ARMAZENAMENTO, CARGA E DESCARGA'),
(139,40,'ATIVIDADES AUXILIARES DOS TRANSPORTES TERRESTRES'),
(140,40,'ATIVIDADES AUXILIARES DOS TRANSPORTES AQUAVIÁRIOS'),
(141,40,'ATIVIDADES AUXILIARES DOS TRANSPORTES AÉREOS'),
(142,40,'ATIVIDADES RELACIONADAS À ORGANIZAÇÃO DO TRANSPORTE DE CARGA'),
(143,41,'ATIVIDADES DE CORREIO'),
(144,41,'ATIVIDADES DE MALOTE E DE ENTREGA'),
(145,42,'HOTÉIS E SIMILARES'),
(146,42,'OUTROS TIPOS DE ALOJAMENTO NÃO ESPECIFICADOS ANTERIORMENTE'),
(147,43,'RESTAURANTES E OUTROS SERVIÇOS DE ALIMENTAÇÃO E BEBIDAS'),
(148,43,'SERVIÇOS DE CATERING, BUFÊ E OUTROS SERVIÇOS DE COMIDA PREPARADA'),
(149,44,'DEMOLIÇÃO E PREPARAÇÃO DO TERRENO'),
(150,44,'INSTALAÇÕES ELÉTRICAS, HIDRÁULICAS E OUTRAS INSTALAÇÕES EM CONSTRUÇÕES'),
(151,44,'OBRAS DE ACABAMENTO'),
(152,44,'OUTROS SERVIÇOS ESPECIALIZADOS PARA CONSTRUÇÃO'),
(153,45,'COMÉRCIO DE VEÍCULOS AUTOMOTORES'),
(154,45,'MANUTENÇÃO E REPARAÇÃO DE VEÍCULOS AUTOMOTORES'),
(155,45,'COMÉRCIO DE PEÇAS E ACESSÓRIOS PARA VEÍCULOS AUTOMOTORES'),
(156,45,'COMÉRCIO, MANUTENÇÃO E REPARAÇÃO DE MOTOCICLETAS, PEÇAS E ACESSÓRIOS'),
(157,46,'ATIVIDADES DE RÁDIO'),
(158,46,'ATIVIDADES DE TELEVISÃO'),
(159,47,'REPRESENTANTES COMERCIAIS E AGENTES DO COMÉRCIO, EXCETO DE VEÍCULOS AUTOMOTORES E MOTOCICLETAS'),
(160,47,'COMÉRCIO ATACADISTA DE MATÉRIAS-PRIMAS AGRÍCOLAS E ANIMAIS VIVOS');

INSERT INTO public.ibge_cnae_grupo (id, divisao_id, nome) VALUES
(161,47,'COMÉRCIO ATACADISTA ESPECIALIZADO EM PRODUTOS ALIMENTÍCIOS, BEBIDAS E FUMO'),
(162,47,'COMÉRCIO ATACADISTA DE PRODUTOS DE CONSUMO NÃO-ALIMENTAR'),
(163,47,'COMÉRCIO ATACADISTA DE EQUIPAMENTOS E PRODUTOS DE TECNOLOGIAS DE INFORMAÇÃO E COMUNICAÇÃO'),
(164,47,'COMÉRCIO ATACADISTA DE MÁQUINAS, APARELHOS E EQUIPAMENTOS, EXCETO DE TECNOLOGIAS DE INFORMAÇÃO E COMUNICAÇÃO'),
(165,47,'COMÉRCIO ATACADISTA DE MADEIRA, FERRAGENS, FERRAMENTAS, MATERIAL ELÉTRICO E MATERIAL DE CONSTRUÇÃO'),
(166,47,'COMÉRCIO ATACADISTA ESPECIALIZADO EM OUTROS PRODUTOS'),
(167,47,'COMÉRCIO ATACADISTA NÃO-ESPECIALIZADO'),
(168,48,'COMÉRCIO VAREJISTA NÃO-ESPECIALIZADO'),
(169,48,'COMÉRCIO VAREJISTA DE PRODUTOS ALIMENTÍCIOS, BEBIDAS E FUMO'),
(170,48,'COMÉRCIO VAREJISTA DE COMBUSTÍVEIS PARA VEÍCULOS AUTOMOTORES'),
(171,48,'COMÉRCIO VAREJISTA DE MATERIAL DE CONSTRUÇÃO'),
(172,48,'COMÉRCIO VAREJISTA DE EQUIPAMENTOS DE INFORMÁTICA E COMUNICAÇÃO; EQUIPAMENTOS E ARTIGOS DE USO DOMÉSTICO'),
(173,48,'COMÉRCIO VAREJISTA DE ARTIGOS CULTURAIS, RECREATIVOS E ESPORTIVOS'),
(174,48,'COMÉRCIO VAREJISTA DE PRODUTOS FARMACÊUTICOS, PERFUMARIA E COSMÉTICOS E ARTIGOS MÉDICOS, ÓPTICOS E ORTOPÉDICOS'),
(175,48,'COMÉRCIO VAREJISTA DE PRODUTOS NOVOS NÃO ESPECIFICADOS ANTERIORMENTE E DE PRODUTOS USADOS'),
(176,49,'TRANSPORTE FERROVIÁRIO E METROFERROVIÁRIO'),
(177,49,'TRANSPORTE RODOVIÁRIO DE PASSAGEIROS'),
(178,49,'TRANSPORTE RODOVIÁRIO DE CARGA'),
(179,49,'TRANSPORTE DUTOVIÁRIO'),
(180,49,'TRENS TURÍSTICOS, TELEFÉRICOS E SIMILARES'),
(181,50,'TRANSPORTE MARÍTIMO DE CABOTAGEM E LONGO CURSO'),
(182,50,'TRANSPORTE POR NAVEGAÇÃO INTERIOR'),
(183,50,'NAVEGAÇÃO DE APOIO'),
(184,50,'OUTROS TRANSPORTES AQUAVIÁRIOS'),
(185,51,'TRANSPORTE AÉREO DE PASSAGEIROS'),
(186,51,'TRANSPORTE AÉREO DE CARGA'),
(187,51,'TRANSPORTE ESPACIAL'),
(188,52,'SERVIÇOS DE ARQUITETURA E ENGENHARIA E ATIVIDADES TÉCNICAS RELACIONADAS'),
(189,52,'TESTES E ANÁLISES TÉCNICAS'),
(190,53,'EDIÇÃO DE LIVROS, JORNAIS, REVISTAS E OUTRAS ATIVIDADES DE EDIÇÃO'),
(191,53,'EDIÇÃO INTEGRADA À IMPRESSÃO DE LIVROS, JORNAIS, REVISTAS E OUTRAS PUBLICAÇÕES'),
(192,54,'ATIVIDADES CINEMATOGRÁFICAS, PRODUÇÃO DE VÍDEOS E DE PROGRAMAS DE TELEVISÃO'),
(193,54,'ATIVIDADES DE GRAVAÇÃO DE SOM E DE EDIÇÃO DE MÚSICA'),
(194,55,'TELECOMUNICAÇÕES POR FIO'),
(195,55,'TELECOMUNICAÇÕES SEM FIO'),
(196,55,'TELECOMUNICAÇÕES POR SATÉLITE'),
(197,55,'OPERADORAS DE TELEVISÃO POR ASSINATURA'),
(198,55,'OUTRAS ATIVIDADES DE TELECOMUNICAÇÕES'),
(199,56,'ATIVIDADES DOS SERVIÇOS DE TECNOLOGIA DA INFORMAÇÃO'),
(200,57,'TRATAMENTO DE DADOS, HOSPEDAGEM NA INTERNET E OUTRAS ATIVIDADES RELACIONADAS');

INSERT INTO public.ibge_cnae_grupo (id, divisao_id, nome) VALUES
(201,57,'OUTRAS ATIVIDADES DE PRESTAÇÃO DE SERVIÇOS DE INFORMAÇÃO'),
(202,58,'BANCO CENTRAL'),
(203,58,'INTERMEDIAÇÃO MONETÁRIA - DEPÓSITOS À VISTA'),
(204,58,'INTERMEDIAÇÃO NÃO-MONETÁRIA - OUTROS INSTRUMENTOS DE CAPTAÇÃO'),
(205,58,'ARRENDAMENTO MERCANTIL'),
(206,58,'SOCIEDADES DE CAPITALIZAÇÃO'),
(207,58,'ATIVIDADES DE SOCIEDADES DE PARTICIPAÇÃO'),
(208,58,'FUNDOS DE INVESTIMENTO'),
(209,58,'ATIVIDADES DE SERVIÇOS FINANCEIROS NÃO ESPECIFICADAS ANTERIORMENTE'),
(210,59,'SEGUROS DE VIDA E NÃO-VIDA'),
(211,59,'SEGUROS-SAÚDE'),
(212,59,'RESSEGUROS'),
(213,59,'PREVIDÊNCIA COMPLEMENTAR'),
(214,59,'PLANOS DE SAÚDE'),
(215,60,'ATIVIDADES AUXILIARES DOS SERVIÇOS FINANCEIROS'),
(216,60,'ATIVIDADES AUXILIARES DOS SEGUROS, DA PREVIDÊNCIA COMPLEMENTAR E DOS PLANOS DE SAÚDE'),
(217,60,'ATIVIDADES DE ADMINISTRAÇÃO DE FUNDOS POR CONTRATO OU COMISSÃO'),
(218,61,'ATIVIDADES IMOBILIÁRIAS DE IMÓVEIS PRÓPRIOS'),
(219,61,'ATIVIDADES IMOBILIÁRIAS POR CONTRATO OU COMISSÃO'),
(220,62,'ATIVIDADES JURÍDICAS'),
(221,62,'ATIVIDADES DE CONTABILIDADE, CONSULTORIA E AUDITORIA CONTÁBIL E TRIBUTÁRIA'),
(222,63,'ATIVIDADES DE CONSULTORIA EM GESTÃO EMPRESARIAL'),
(223,64,'PESQUISA E DESENVOLVIMENTO EXPERIMENTAL EM CIÊNCIAS FÍSICAS E NATURAIS'),
(224,64,'PESQUISA E DESENVOLVIMENTO EXPERIMENTAL EM CIÊNCIAS SOCIAIS E HUMANAS'),
(225,65,'PUBLICIDADE'),
(226,65,'PESQUISAS DE MERCADO E DE OPINIÃO PÚBLICA'),
(227,66,'DESIGN E DECORAÇÃO DE INTERIORES'),
(228,66,'ATIVIDADES FOTOGRÁFICAS E SIMILARES'),
(229,66,'ATIVIDADES PROFISSIONAIS, CIENTÍFICAS E TÉCNICAS NÃO ESPECIFICADAS ANTERIORMENTE'),
(230,67,'ATIVIDADES VETERINÁRIAS'),
(231,68,'ATIVIDADES LIGADAS AO PATRIMÔNIO CULTURAL E AMBIENTAL'),
(232,69,'ATIVIDADES DE EXPLORAÇÃO DE JOGOS DE AZAR E APOSTAS'),
(233,70,'LOCAÇÃO DE MEIOS DE TRANSPORTE SEM CONDUTOR'),
(234,70,'ALUGUEL DE OBJETOS PESSOAIS E DOMÉSTICOS'),
(235,70,'ALUGUEL DE MÁQUINAS E EQUIPAMENTOS SEM OPERADOR'),
(236,70,'GESTÃO DE ATIVOS INTANGÍVEIS NÃO-FINANCEIROS'),
(237,71,'SELEÇÃO E AGENCIAMENTO DE MÃO-DE-OBRA'),
(238,71,'LOCAÇÃO DE MÃO-DE-OBRA TEMPORÁRIA'),
(239,71,'FORNECIMENTO E GESTÃO DE RECURSOS HUMANOS PARA TERCEIROS'),
(240,72,'AGÊNCIAS DE VIAGENS E OPERADORES TURÍSTICOS');

INSERT INTO public.ibge_cnae_grupo (id, divisao_id, nome) VALUES
(241,72,'SERVIÇOS DE RESERVAS E OUTROS SERVIÇOS DE TURISMO NÃO ESPECIFICADOS ANTERIORMENTE'),
(242,73,'ATIVIDADES DE VIGILÂNCIA, SEGURANÇA PRIVADA E TRANSPORTE DE VALORES'),
(243,73,'ATIVIDADES DE MONITORAMENTO DE SISTEMAS DE SEGURANÇA'),
(244,73,'ATIVIDADES DE INVESTIGAÇÃO PARTICULAR'),
(245,74,'SERVIÇOS COMBINADOS PARA APOIO A EDIFÍCIOS'),
(246,74,'ATIVIDADES DE LIMPEZA'),
(247,74,'ATIVIDADES PAISAGÍSTICAS'),
(248,75,'SERVIÇOS DE ESCRITÓRIO E APOIO ADMINISTRATIVO'),
(249,75,'ATIVIDADES DE TELEATENDIMENTO'),
(250,75,'ATIVIDADES DE ORGANIZAÇÃO DE EVENTOS, EXCETO CULTURAIS E ESPORTIVOS'),
(251,75,'OUTRAS ATIVIDADES DE SERVIÇOS PRESTADOS PRINCIPALMENTE ÀS EMPRESAS'),
(252,76,'ADMINISTRAÇÃO DO ESTADO E DA POLÍTICA ECONÔMICA E SOCIAL'),
(253,76,'SERVIÇOS COLETIVOS PRESTADOS PELA ADMINISTRAÇÃO PÚBLICA'),
(254,76,'SEGURIDADE SOCIAL OBRIGATÓRIA'),
(255,77,'EDUCAÇÃO INFANTIL E ENSINO FUNDAMENTAL'),
(256,77,'ENSINO MÉDIO'),
(257,77,'EDUCAÇÃO SUPERIOR'),
(258,77,'EDUCAÇÃO PROFISSIONAL DE NÍVEL TÉCNICO E TECNOLÓGICO'),
(259,77,'ATIVIDADES DE APOIO À EDUCAÇÃO'),
(260,77,'OUTRAS ATIVIDADES DE ENSINO'),
(261,78,'ATIVIDADES DE ATENDIMENTO HOSPITALAR'),
(262,78,'SERVIÇOS MÓVEIS DE ATENDIMENTO A URGÊNCIAS E DE REMOÇÃO DE PACIENTES'),
(263,78,'ATIVIDADES DE ATENÇÃO AMBULATORIAL EXECUTADAS POR MÉDICOS E ODONTÓLOGOS'),
(264,78,'ATIVIDADES DE SERVIÇOS DE COMPLEMENTAÇÃO DIAGNÓSTICA E TERAPÊUTICA'),
(265,78,'ATIVIDADES DE PROFISSIONAIS DA ÁREA DE SAÚDE, EXCETO MÉDICOS E ODONTÓLOGOS'),
(266,78,'ATIVIDADES DE APOIO À GESTÃO DE SAÚDE'),
(267,78,'ATIVIDADES DE ATENÇÃO À SAÚDE HUMANA NÃO ESPECIFICADAS ANTERIORMENTE'),
(268,79,'ATIVIDADES DE ASSISTÊNCIA A IDOSOS, DEFICIENTES FÍSICOS, IMUNODEPRIMIDOS E CONVALESCENTES, E DE INFRA-ESTRUTURA E APOIO A PACIENTES PRESTADAS EM RESIDÊNCIAS COLETIVAS E PARTICULARES'),
(269,79,'ATIVIDADES DE ASSISTÊNCIA PSICOSSOCIAL E À SAÚDE A PORTADORES DE DISTÚRBIOS PSÍQUICOS, DEFICIÊNCIA MENTAL E DEPENDÊNCIA QUÍMICA'),
(270,79,'ATIVIDADES DE ASSISTÊNCIA SOCIAL PRESTADAS EM RESIDÊNCIAS COLETIVAS E PARTICULARES'),
(271,80,'SERVIÇOS DE ASSISTÊNCIA SOCIAL SEM ALOJAMENTO'),
(272,81,'ATIVIDADES ARTÍSTICAS, CRIATIVAS E DE ESPETÁCULOS'),
(273,82,'ATIVIDADES ESPORTIVAS'),
(274,82,'ATIVIDADES DE RECREAÇÃO E LAZER'),
(275,83,'ATIVIDADES DE ORGANIZAÇÕES ASSOCIATIVAS PATRONAIS, EMPRESARIAIS E PROFISSIONAIS'),
(276,83,'ATIVIDADES DE ORGANIZAÇÕES SINDICAIS'),
(277,83,'ATIVIDADES DE ASSOCIAÇÕES DE DEFESA DE DIREITOS SOCIAIS'),
(278,83,'ATIVIDADES DE ORGANIZAÇÕES ASSOCIATIVAS NÃO ESPECIFICADAS ANTERIORMENTE'),
(279,84,'REPARAÇÃO E MANUTENÇÃO DE EQUIPAMENTOS DE INFORMÁTICA E COMUNICAÇÃO'),
(280,84,'REPARAÇÃO E MANUTENÇÃO DE OBJETOS E EQUIPAMENTOS PESSOAIS E DOMÉSTICOS');

INSERT INTO public.ibge_cnae_grupo (id, divisao_id, nome) VALUES
(281,85,'OUTRAS ATIVIDADES DE SERVIÇOS PESSOAIS'),
(282,86,'SERVIÇOS DOMÉSTICOS'),
(283,87,'ORGANISMOS INTERNACIONAIS E OUTRAS INSTITUIÇÕES EXTRATERRITORIAIS');

INSERT INTO public.ibge_cnae_classe (id, grupo_id, nome) VALUES
(1,1,'CULTIVO DE CEREAIS'),
(2,1,'CULTIVO DE ALGODÃO HERBÁCEO E DE OUTRAS FIBRAS DE LAVOURA TEMPORÁRIA'),
(3,1,'CULTIVO DE CANA-DE-AÇÚCAR'),
(4,1,'CULTIVO DE FUMO'),
(5,1,'CULTIVO DE SOJA'),
(6,1,'CULTIVO DE OLEAGINOSAS DE LAVOURA TEMPORÁRIA, EXCETO SOJA'),
(7,1,'CULTIVO DE PLANTAS DE LAVOURA TEMPORÁRIA NÃO ESPECIFICADAS ANTERIORMENTE'),
(8,2,'HORTICULTURA'),
(9,2,'CULTIVO DE FLORES E PLANTAS ORNAMENTAIS'),
(10,3,'CULTIVO DE LARANJA'),
(11,3,'CULTIVO DE UVA'),
(12,3,'CULTIVO DE FRUTAS DE LAVOURA PERMANENTE, EXCETO LARANJA E UVA'),
(13,3,'CULTIVO DE CAFÉ'),
(14,3,'CULTIVO DE CACAU'),
(15,3,'CULTIVO DE PLANTAS DE LAVOURA PERMANENTE NÃO ESPECIFICADAS ANTERIORMENTE'),
(16,4,'PRODUÇÃO DE SEMENTES CERTIFICADAS'),
(17,4,'PRODUÇÃO DE MUDAS E OUTRAS FORMAS DE PROPAGAÇÃO VEGETAL, CERTIFICADAS'),
(18,5,'CRIAÇÃO DE BOVINOS'),
(19,5,'CRIAÇÃO DE OUTROS ANIMAIS DE GRANDE PORTE'),
(20,5,'CRIAÇÃO DE CAPRINOS E OVINOS'),
(21,5,'CRIAÇÃO DE SUÍNOS'),
(22,5,'CRIAÇÃO DE AVES'),
(23,5,'CRIAÇÃO DE ANIMAIS NÃO ESPECIFICADOS ANTERIORMENTE'),
(24,6,'ATIVIDADES DE APOIO À AGRICULTURA'),
(25,6,'ATIVIDADES DE APOIO À PECUÁRIA'),
(26,6,'ATIVIDADES DE PÓS-COLHEITA'),
(27,7,'CAÇA E SERVIÇOS RELACIONADOS'),
(28,8,'PRODUÇÃO FLORESTAL - FLORESTAS PLANTADAS'),
(29,9,'PRODUÇÃO FLORESTAL - FLORESTAS NATIVAS'),
(30,10,'ATIVIDADES DE APOIO À PRODUÇÃO FLORESTAL'),
(31,11,'PESCA EM ÁGUA SALGADA'),
(32,11,'PESCA EM ÁGUA DOCE'),
(33,12,'AQUICULTURA EM ÁGUA SALGADA E SALOBRA'),
(34,12,'AQUICULTURA EM ÁGUA DOCE'),
(35,13,'EXTRAÇÃO DE CARVÃO MINERAL'),
(36,14,'EXTRAÇÃO DE PETRÓLEO E GÁS NATURAL'),
(37,15,'EXTRAÇÃO DE MINÉRIO DE FERRO'),
(38,16,'EXTRAÇÃO DE MINÉRIO DE METAIS PRECIOSOS'),
(39,16,'EXTRAÇÃO DE MINÉRIO DE ALUMÍNIO'),
(40,16,'EXTRAÇÃO DE MINÉRIO DE ESTANHO');

INSERT INTO public.ibge_cnae_classe (id, grupo_id, nome) VALUES
(41,16,'EXTRAÇÃO DE MINÉRIO DE MANGANÊS'),
(42,16,'EXTRAÇÃO DE MINERAIS RADIOATIVOS'),
(43,16,'EXTRAÇÃO DE MINERAIS METÁLICOS NÃO-FERROSOS NÃO ESPECIFICADOS ANTERIORMENTE'),
(44,17,'EXTRAÇÃO DE PEDRA, AREIA E ARGILA'),
(45,18,'EXTRAÇÃO DE MINERAIS PARA FABRICAÇÃO DE ADUBOS, FERTILIZANTES E OUTROS PRODUTOS QUÍMICOS'),
(46,18,'EXTRAÇÃO E REFINO DE SAL MARINHO E SAL-GEMA'),
(47,18,'EXTRAÇÃO DE GEMAS (PEDRAS PRECIOSAS E SEMIPRECIOSAS)'),
(48,18,'EXTRAÇÃO DE MINERAIS NÃO-METÁLICOS NÃO ESPECIFICADOS ANTERIORMENTE'),
(49,19,'ATIVIDADES DE APOIO À EXTRAÇÃO DE PETRÓLEO E GÁS NATURAL'),
(50,20,'ATIVIDADES DE APOIO À EXTRAÇÃO DE MINERAIS, EXCETO PETRÓLEO E GÁS NATURAL'),
(51,21,'ABATE DE RESES, EXCETO SUÍNOS'),
(52,21,'ABATE DE SUÍNOS, AVES E OUTROS PEQUENOS ANIMAIS'),
(53,21,'FABRICAÇÃO DE PRODUTOS DE CARNE'),
(54,22,'PRESERVAÇÃO DO PESCADO E FABRICAÇÃO DE PRODUTOS DO PESCADO'),
(55,23,'FABRICAÇÃO DE CONSERVAS DE FRUTAS'),
(56,23,'FABRICAÇÃO DE CONSERVAS DE LEGUMES E OUTROS VEGETAIS'),
(57,23,'FABRICAÇÃO DE SUCOS DE FRUTAS, HORTALIÇAS E LEGUMES'),
(58,24,'FABRICAÇÃO DE ÓLEOS VEGETAIS EM BRUTO, EXCETO ÓLEO DE MILHO'),
(59,24,'FABRICAÇÃO DE ÓLEOS VEGETAIS REFINADOS, EXCETO ÓLEO DE MILHO'),
(60,24,'FABRICAÇÃO DE MARGARINA E OUTRAS GORDURAS VEGETAIS E DE ÓLEOS NÃO-COMESTÍVEIS DE ANIMAIS'),
(61,25,'FABRICAÇÃO DE SORVETES E OUTROS GELADOS COMESTÍVEIS'),
(62,25,'PREPARAÇÃO DO LEITE'),
(63,25,'FABRICAÇÃO DE LATICÍNIOS'),
(64,26,'BENEFICIAMENTO DE ARROZ E FABRICAÇÃO DE PRODUTOS DO ARROZ'),
(65,26,'MOAGEM DE TRIGO E FABRICAÇÃO DE DERIVADOS'),
(66,26,'FABRICAÇÃO DE FARINHA DE MANDIOCA E DERIVADOS'),
(67,26,'FABRICAÇÃO DE FARINHA DE MILHO E DERIVADOS, EXCETO ÓLEOS DE MILHO'),
(68,26,'FABRICAÇÃO DE AMIDOS E FÉCULAS DE VEGETAIS E DE ÓLEOS DE MILHO'),
(69,26,'FABRICAÇÃO DE ALIMENTOS PARA ANIMAIS'),
(70,26,'MOAGEM E FABRICAÇÃO DE PRODUTOS DE ORIGEM VEGETAL NÃO ESPECIFICADOS ANTERIORMENTE'),
(71,27,'FABRICAÇÃO DE AÇÚCAR EM BRUTO'),
(72,27,'FABRICAÇÃO DE AÇÚCAR REFINADO'),
(73,28,'TORREFAÇÃO E MOAGEM DE CAFÉ'),
(74,28,'FABRICAÇÃO DE PRODUTOS À BASE DE CAFÉ'),
(75,29,'FABRICAÇÃO DE PRODUTOS DE PANIFICAÇÃO'),
(76,29,'FABRICAÇÃO DE BISCOITOS E BOLACHAS'),
(77,29,'FABRICAÇÃO DE PRODUTOS DERIVADOS DO CACAU, DE CHOCOLATES E CONFEITOS'),
(78,29,'FABRICAÇÃO DE MASSAS ALIMENTÍCIAS'),
(79,29,'FABRICAÇÃO DE ESPECIARIAS, MOLHOS, TEMPEROS E CONDIMENTOS'),
(80,29,'FABRICAÇÃO DE ALIMENTOS E PRATOS PRONTOS');

INSERT INTO public.ibge_cnae_classe (id, grupo_id, nome) VALUES
(81,29,'FABRICAÇÃO DE PRODUTOS ALIMENTÍCIOS NÃO ESPECIFICADOS ANTERIORMENTE'),
(82,30,'FABRICAÇÃO DE AGUARDENTES E OUTRAS BEBIDAS DESTILADAS'),
(83,30,'FABRICAÇÃO DE VINHO'),
(84,30,'FABRICAÇÃO DE MALTE, CERVEJAS E CHOPES'),
(85,31,'FABRICAÇÃO DE ÁGUAS ENVASADAS'),
(86,31,'FABRICAÇÃO DE REFRIGERANTES E DE OUTRAS BEBIDAS NÃO-ALCOÓLICAS'),
(87,32,'PROCESSAMENTO INDUSTRIAL DO FUMO'),
(88,33,'FABRICAÇÃO DE PRODUTOS DO FUMO'),
(89,34,'PREPARAÇÃO E FIAÇÃO DE FIBRAS DE ALGODÃO'),
(90,34,'PREPARAÇÃO E FIAÇÃO DE FIBRAS TÊXTEIS NATURAIS, EXCETO ALGODÃO'),
(91,34,'FIAÇÃO DE FIBRAS ARTIFICIAIS E SINTÉTICAS'),
(92,34,'FABRICAÇÃO DE LINHAS PARA COSTURAR E BORDAR'),
(93,35,'TECELAGEM DE FIOS DE ALGODÃO'),
(94,35,'TECELAGEM DE FIOS DE FIBRAS TÊXTEIS NATURAIS, EXCETO ALGODÃO'),
(95,35,'TECELAGEM DE FIOS DE FIBRAS ARTIFICIAIS E SINTÉTICAS'),
(96,36,'FABRICAÇÃO DE TECIDOS DE MALHA'),
(97,37,'ACABAMENTOS EM FIOS, TECIDOS E ARTEFATOS TÊXTEIS'),
(98,38,'FABRICAÇÃO DE ARTEFATOS TÊXTEIS PARA USO DOMÉSTICO'),
(99,38,'FABRICAÇÃO DE ARTEFATOS DE TAPEÇARIA'),
(100,38,'FABRICAÇÃO DE ARTEFATOS DE CORDOARIA'),
(101,38,'FABRICAÇÃO DE TECIDOS ESPECIAIS, INCLUSIVE ARTEFATOS'),
(102,38,'FABRICAÇÃO DE OUTROS PRODUTOS TÊXTEIS NÃO ESPECIFICADOS ANTERIORMENTE'),
(103,39,'CONFECÇÃO DE ROUPAS ÍNTIMAS'),
(104,39,'CONFECÇÃO DE PEÇAS DE VESTUÁRIO, EXCETO ROUPAS ÍNTIMAS'),
(105,39,'CONFECÇÃO DE ROUPAS PROFISSIONAIS'),
(106,39,'FABRICAÇÃO DE ACESSÓRIOS DO VESTUÁRIO, EXCETO PARA SEGURANÇA E PROTEÇÃO'),
(107,40,'FABRICAÇÃO DE MEIAS'),
(108,40,'FABRICAÇÃO DE ARTIGOS DO VESTUÁRIO, PRODUZIDOS EM MALHARIAS E TRICOTAGENS, EXCETO MEIAS'),
(109,41,'CURTIMENTO E OUTRAS PREPARAÇÕES DE COURO'),
(110,42,'FABRICAÇÃO DE ARTIGOS PARA VIAGEM, BOLSAS E SEMELHANTES DE QUALQUER MATERIAL'),
(111,42,'FABRICAÇÃO DE ARTEFATOS DE COURO NÃO ESPECIFICADOS ANTERIORMENTE'),
(112,43,'FABRICAÇÃO DE CALÇADOS DE MATERIAL SINTÉTICO'),
(113,43,'FABRICAÇÃO DE CALÇADOS DE COURO'),
(114,43,'FABRICAÇÃO DE TÊNIS DE QUALQUER MATERIAL'),
(115,43,'FABRICAÇÃO DE CALÇADOS DE MATERIAIS NÃO ESPECIFICADOS ANTERIORMENTE'),
(116,44,'FABRICAÇÃO DE PARTES PARA CALÇADOS, DE QUALQUER MATERIAL'),
(117,45,'DESDOBRAMENTO DE MADEIRA'),
(118,46,'FABRICAÇÃO DE MADEIRA LAMINADA E DE CHAPAS DE MADEIRA COMPENSADA, PRENSADA E AGLOMERADA'),
(119,46,'FABRICAÇÃO DE ESTRUTURAS DE MADEIRA E DE ARTIGOS DE CARPINTARIA PARA CONSTRUÇÃO'),
(120,46,'FABRICAÇÃO DE ARTEFATOS DE TANOARIA E DE EMBALAGENS DE MADEIRA');

INSERT INTO public.ibge_cnae_classe (id, grupo_id, nome) VALUES
(121,46,'FABRICAÇÃO DE ARTEFATOS DE MADEIRA, PALHA, CORTIÇA, VIME E MATERIAL TRANÇADO NÃO ESPECIFICADOS ANTERIORMENTE, EXCETO MÓVEIS'),
(122,47,'FABRICAÇÃO DE CELULOSE E OUTRAS PASTAS PARA A FABRICAÇÃO DE PAPEL'),
(123,48,'FABRICAÇÃO DE PAPEL'),
(124,48,'FABRICAÇÃO DE CARTOLINA E PAPEL-CARTÃO'),
(125,49,'FABRICAÇÃO DE EMBALAGENS DE PAPEL'),
(126,49,'FABRICAÇÃO DE EMBALAGENS DE CARTOLINA E PAPEL-CARTÃO'),
(127,49,'FABRICAÇÃO DE CHAPAS E DE EMBALAGENS DE PAPELÃO ONDULADO'),
(128,50,'FABRICAÇÃO DE PRODUTOS DE PAPEL, CARTOLINA, PAPEL CARTÃO E PAPELÃO ONDULADO PARA USO COMERCIAL E DE ESCRITÓRIO'),
(129,50,'FABRICAÇÃO DE PRODUTOS DE PAPEL PARA USOS DOMÉSTICO E HIGIÊNICO-SANITÁRIO'),
(130,50,'FABRICAÇÃO DE PRODUTOS DE PASTAS CELULÓSICAS, PAPEL, CARTOLINA, PAPEL-CARTÃO E PAPELÃO ONDULADO NÃO ESPECIFICADOS ANTERIORMENTE'),
(131,51,'IMPRESSÃO DE JORNAIS, LIVROS, REVISTAS E OUTRAS PUBLICAÇÕES PERIÓDICAS'),
(132,51,'IMPRESSÃO DE MATERIAL DE SEGURANÇA'),
(133,51,'IMPRESSÃO DE MATERIAIS PARA OUTROS USOS'),
(134,52,'SERVIÇOS DE PRÉ-IMPRESSÃO'),
(135,52,'SERVIÇOS DE ACABAMENTOS GRÁFICOS'),
(136,53,'REPRODUÇÃO DE MATERIAIS GRAVADOS EM QUALQUER SUPORTE'),
(137,54,'COQUERIAS'),
(138,55,'FABRICAÇÃO DE PRODUTOS DO REFINO DE PETRÓLEO'),
(139,55,'FABRICAÇÃO DE PRODUTOS DERIVADOS DO PETRÓLEO, EXCETO PRODUTOS DO REFINO'),
(140,56,'FABRICAÇÃO DE ÁLCOOL'),
(141,56,'FABRICAÇÃO DE BIOCOMBUSTÍVEIS, EXCETO ÁLCOOL'),
(142,57,'FABRICAÇÃO DE AUTOMÓVEIS, CAMIONETAS E UTILITÁRIOS'),
(143,58,'FABRICAÇÃO DE CAMINHÕES E ÔNIBUS'),
(144,59,'FABRICAÇÃO DE CABINES, CARROCERIAS E REBOQUES PARA VEÍCULOS AUTOMOTORES'),
(145,60,'FABRICAÇÃO DE PEÇAS E ACESSÓRIOS PARA O SISTEMA MOTOR DE VEÍCULOS AUTOMOTORES'),
(146,60,'FABRICAÇÃO DE PEÇAS E ACESSÓRIOS PARA OS SISTEMAS DE MARCHA E TRANSMISSÃO DE VEÍCULOS AUTOMOTORES'),
(147,60,'FABRICAÇÃO DE PEÇAS E ACESSÓRIOS PARA O SISTEMA DE FREIOS DE VEÍCULOS AUTOMOTORES'),
(148,60,'FABRICAÇÃO DE PEÇAS E ACESSÓRIOS PARA O SISTEMA DE DIREÇÃO E SUSPENSÃO DE VEÍCULOS AUTOMOTORES'),
(149,60,'FABRICAÇÃO DE MATERIAL ELÉTRICO E ELETRÔNICO PARA VEÍCULOS AUTOMOTORES, EXCETO BATERIAS'),
(150,60,'FABRICAÇÃO DE PEÇAS E ACESSÓRIOS PARA VEÍCULOS AUTOMOTORES NÃO ESPECIFICADOS ANTERIORMENTE'),
(151,61,'RECONDICIONAMENTO E RECUPERAÇÃO DE MOTORES PARA VEÍCULOS AUTOMOTORES'),
(152,62,'FABRICAÇÃO DE CLORO E ÁLCALIS'),
(153,62,'FABRICAÇÃO DE INTERMEDIÁRIOS PARA FERTILIZANTES'),
(154,62,'FABRICAÇÃO DE ADUBOS E FERTILIZANTES'),
(155,62,'FABRICAÇÃO DE GASES INDUSTRIAIS'),
(156,62,'FABRICAÇÃO DE PRODUTOS QUÍMICOS INORGÂNICOS NÃO ESPECIFICADOS ANTERIORMENTE'),
(157,63,'FABRICAÇÃO DE PRODUTOS PETROQUÍMICOS BÁSICOS'),
(158,63,'FABRICAÇÃO DE INTERMEDIÁRIOS PARA PLASTIFICANTES, RESINAS E FIBRAS'),
(159,63,'FABRICAÇÃO DE PRODUTOS QUÍMICOS ORGÂNICOS NÃO ESPECIFICADOS ANTERIORMENTE'),
(160,64,'FABRICAÇÃO DE ELASTÔMEROS');

INSERT INTO public.ibge_cnae_classe (id, grupo_id, nome) VALUES
(161,64,'FABRICAÇÃO DE RESINAS TERMOPLÁSTICAS'),
(162,64,'FABRICAÇÃO DE RESINAS TERMOFIXAS'),
(163,65,'FABRICAÇÃO DE FIBRAS ARTIFICIAIS E SINTÉTICAS'),
(164,66,'FABRICAÇÃO DE DEFENSIVOS AGRÍCOLAS'),
(165,66,'FABRICAÇÃO DE DESINFESTANTES DOMISSANITÁRIOS'),
(166,67,'FABRICAÇÃO DE SABÕES E DETERGENTES SINTÉTICOS'),
(167,67,'FABRICAÇÃO DE PRODUTOS DE LIMPEZA E POLIMENTO'),
(168,67,'FABRICAÇÃO DE COSMÉTICOS, PRODUTOS DE PERFUMARIA E DE HIGIENE PESSOAL'),
(169,68,'FABRICAÇÃO DE TINTAS, VERNIZES, ESMALTES E LACAS'),
(170,68,'FABRICAÇÃO DE TINTAS DE IMPRESSÃO'),
(171,68,'FABRICAÇÃO DE IMPERMEABILIZANTES, SOLVENTES E PRODUTOS AFINS'),
(172,69,'FABRICAÇÃO DE ADESIVOS E SELANTES'),
(173,69,'FABRICAÇÃO DE EXPLOSIVOS'),
(174,69,'FABRICAÇÃO DE ADITIVOS DE USO INDUSTRIAL'),
(175,69,'FABRICAÇÃO DE CATALISADORES'),
(176,69,'FABRICAÇÃO DE PRODUTOS QUÍMICOS NÃO ESPECIFICADOS ANTERIORMENTE'),
(177,70,'FABRICAÇÃO DE PRODUTOS FARMOQUÍMICOS'),
(178,71,'FABRICAÇÃO DE MEDICAMENTOS PARA USO HUMANO'),
(179,71,'FABRICAÇÃO DE MEDICAMENTOS PARA USO VETERINÁRIO'),
(180,71,'FABRICAÇÃO DE PREPARAÇÕES FARMACÊUTICAS'),
(181,72,'FABRICAÇÃO DE PNEUMÁTICOS E DE CÂMARAS-DE-AR'),
(182,72,'REFORMA DE PNEUMÁTICOS USADOS'),
(183,72,'FABRICAÇÃO DE ARTEFATOS DE BORRACHA NÃO ESPECIFICADOS ANTERIORMENTE'),
(184,73,'FABRICAÇÃO DE LAMINADOS PLANOS E TUBULARES DE MATERIAL PLÁSTICO'),
(185,73,'FABRICAÇÃO DE EMBALAGENS DE MATERIAL PLÁSTICO'),
(186,73,'FABRICAÇÃO DE TUBOS E ACESSÓRIOS DE MATERIAL PLÁSTICO PARA USO NA CONSTRUÇÃO'),
(187,73,'FABRICAÇÃO DE ARTEFATOS DE MATERIAL PLÁSTICO NÃO ESPECIFICADOS ANTERIORMENTE'),
(188,74,'FABRICAÇÃO DE EMBALAGENS DE VIDRO'),
(189,74,'FABRICAÇÃO DE VIDRO PLANO E DE SEGURANÇA'),
(190,74,'FABRICAÇÃO DE ARTIGOS DE VIDRO'),
(191,75,'FABRICAÇÃO DE CIMENTO'),
(192,76,'FABRICAÇÃO DE ARTEFATOS DE CONCRETO, CIMENTO, FIBROCIMENTO, GESSO E MATERIAIS SEMELHANTES'),
(193,77,'FABRICAÇÃO DE PRODUTOS CERÂMICOS REFRATÁRIOS'),
(194,77,'FABRICAÇÃO DE PRODUTOS CERÂMICOS NÃO-REFRATÁRIOS PARA USO ESTRUTURAL NA CONSTRUÇÃO'),
(195,77,'FABRICAÇÃO DE PRODUTOS CERÂMICOS NÃO-REFRATÁRIOS NÃO ESPECIFICADOS ANTERIORMENTE'),
(196,78,'APARELHAMENTO E OUTROS TRABALHOS EM PEDRAS'),
(197,78,'FABRICAÇÃO DE CAL E GESSO'),
(198,78,'FABRICAÇÃO DE PRODUTOS DE MINERAIS NÃO-METÁLICOS NÃO ESPECIFICADOS ANTERIORMENTE'),
(199,79,'PRODUÇÃO DE FERRO-GUSA'),
(200,79,'PRODUÇÃO DE FERROLIGAS');

INSERT INTO public.ibge_cnae_classe (id, grupo_id, nome) VALUES
(201,80,'PRODUÇÃO DE SEMI-ACABADOS DE AÇO'),
(202,80,'PRODUÇÃO DE LAMINADOS PLANOS DE AÇO'),
(203,80,'PRODUÇÃO DE LAMINADOS LONGOS DE AÇO'),
(204,80,'PRODUÇÃO DE RELAMINADOS, TREFILADOS E PERFILADOS DE AÇO'),
(205,81,'PRODUÇÃO DE CANOS E TUBOS COM COSTURA'),
(206,81,'PRODUÇÃO DE OUTROS TUBOS DE FERRO E AÇO'),
(207,82,'METALURGIA DO ALUMÍNIO E SUAS LIGAS'),
(208,82,'METALURGIA DOS METAIS PRECIOSOS'),
(209,82,'METALURGIA DO COBRE'),
(210,82,'METALURGIA DOS METAIS NÃO-FERROSOS E SUAS LIGAS NÃO ESPECIFICADOS ANTERIORMENTE'),
(211,83,'FUNDIÇÃO DE FERRO E AÇO'),
(212,83,'FUNDIÇÃO DE METAIS NÃO-FERROSOS E SUAS LIGAS'),
(213,84,'FABRICAÇÃO DE ESTRUTURAS METÁLICAS'),
(214,84,'FABRICAÇÃO DE ESQUADRIAS DE METAL'),
(215,84,'FABRICAÇÃO DE OBRAS DE CALDEIRARIA PESADA'),
(216,85,'FABRICAÇÃO DE TANQUES, RESERVATÓRIOS METÁLICOS E CALDEIRAS PARA AQUECIMENTO CENTRAL'),
(217,85,'FABRICAÇÃO DE CALDEIRAS GERADORAS DE VAPOR, EXCETO PARA AQUECIMENTO CENTRAL E PARA VEÍCULOS'),
(218,86,'PRODUÇÃO DE FORJADOS DE AÇO E DE METAIS NÃO-FERROSOS E SUAS LIGAS'),
(219,86,'PRODUÇÃO DE ARTEFATOS ESTAMPADOS DE METAL; METALURGIA DO PÓ'),
(220,86,'SERVIÇOS DE USINAGEM, SOLDA, TRATAMENTO E REVESTIMENTO EM METAIS'),
(221,87,'FABRICAÇÃO DE ARTIGOS DE CUTELARIA'),
(222,87,'FABRICAÇÃO DE ARTIGOS DE SERRALHERIA, EXCETO ESQUADRIAS'),
(223,87,'FABRICAÇÃO DE FERRAMENTAS'),
(224,88,'FABRICAÇÃO DE EQUIPAMENTO BÉLICO PESADO, ARMAS E MUNIÇÕES'),
(225,89,'FABRICAÇÃO DE EMBALAGENS METÁLICAS'),
(226,89,'FABRICAÇÃO DE PRODUTOS DE TREFILADOS DE METAL'),
(227,89,'FABRICAÇÃO DE ARTIGOS DE METAL PARA USO DOMÉSTICO E PESSOAL'),
(228,89,'FABRICAÇÃO DE PRODUTOS DE METAL NÃO ESPECIFICADOS ANTERIORMENTE'),
(229,90,'FABRICAÇÃO DE COMPONENTES ELETRÔNICOS'),
(230,91,'FABRICAÇÃO DE EQUIPAMENTOS DE INFORMÁTICA'),
(231,91,'FABRICAÇÃO DE PERIFÉRICOS PARA EQUIPAMENTOS DE INFORMÁTICA'),
(232,92,'FABRICAÇÃO DE EQUIPAMENTOS TRANSMISSORES DE COMUNICAÇÃO'),
(233,92,'FABRICAÇÃO DE APARELHOS TELEFÔNICOS E DE OUTROS EQUIPAMENTOS DE COMUNICAÇÃO'),
(234,93,'FABRICAÇÃO DE APARELHOS DE RECEPÇÃO, REPRODUÇÃO, GRAVAÇÃO E AMPLIFICAÇÃO DE ÁUDIO E VÍDEO'),
(235,94,'FABRICAÇÃO DE APARELHOS E EQUIPAMENTOS DE MEDIDA, TESTE E CONTROLE'),
(236,94,'FABRICAÇÃO DE CRONÔMETROS E RELÓGIOS'),
(237,95,'FABRICAÇÃO DE APARELHOS ELETROMÉDICOS E ELETROTERAPÊUTICOS E EQUIPAMENTOS DE IRRADIAÇÃO'),
(238,96,'FABRICAÇÃO DE EQUIPAMENTOS E INSTRUMENTOS ÓPTICOS, FOTOGRÁFICOS E CINEMATOGRÁFICOS'),
(239,97,'FABRICAÇÃO DE MÍDIAS VIRGENS, MAGNÉTICAS E ÓPTICAS'),
(240,98,'FABRICAÇÃO DE GERADORES, TRANSFORMADORES E MOTORES ELÉTRICOS');

INSERT INTO public.ibge_cnae_classe (id, grupo_id, nome) VALUES
(241,99,'FABRICAÇÃO DE PILHAS, BATERIAS E ACUMULADORES ELÉTRICOS, EXCETO PARA VEÍCULOS AUTOMOTORES'),
(242,99,'FABRICAÇÃO DE BATERIAS E ACUMULADORES PARA VEÍCULOS AUTOMOTORES'),
(243,100,'FABRICAÇÃO DE APARELHOS E EQUIPAMENTOS PARA DISTRIBUIÇÃO E CONTROLE DE ENERGIA ELÉTRICA'),
(244,100,'FABRICAÇÃO DE MATERIAL ELÉTRICO PARA INSTALAÇÕES EM CIRCUITO DE CONSUMO'),
(245,100,'FABRICAÇÃO DE FIOS, CABOS E CONDUTORES ELÉTRICOS ISOLADOS'),
(246,101,'FABRICAÇÃO DE LÂMPADAS E OUTROS EQUIPAMENTOS DE ILUMINAÇÃO'),
(247,102,'FABRICAÇÃO DE FOGÕES, REFRIGERADORES E MÁQUINAS DE LAVAR E SECAR PARA USO DOMÉSTICO'),
(248,102,'FABRICAÇÃO DE APARELHOS ELETRODOMÉSTICOS NÃO ESPECIFICADOS ANTERIORMENTE'),
(249,103,'FABRICAÇÃO DE EQUIPAMENTOS E APARELHOS ELÉTRICOS NÃO ESPECIFICADOS ANTERIORMENTE'),
(250,104,'FABRICAÇÃO DE MOTORES E TURBINAS, EXCETO PARA AVIÕES E VEÍCULOS RODOVIÁRIOS'),
(251,104,'FABRICAÇÃO DE EQUIPAMENTOS HIDRÁULICOS E PNEUMÁTICOS, EXCETO VÁLVULAS'),
(252,104,'FABRICAÇÃO DE VÁLVULAS, REGISTROS E DISPOSITIVOS SEMELHANTES'),
(253,104,'FABRICAÇÃO DE COMPRESSORES'),
(254,104,'FABRICAÇÃO DE EQUIPAMENTOS DE TRANSMISSÃO PARA FINS INDUSTRIAIS'),
(255,105,'FABRICAÇÃO DE APARELHOS E EQUIPAMENTOS PARA INSTALAÇÕES TÉRMICAS'),
(256,105,'FABRICAÇÃO DE MÁQUINAS, EQUIPAMENTOS E APARELHOS PARA TRANSPORTE E ELEVAÇÃO DE CARGAS E PESSOAS'),
(257,105,'FABRICAÇÃO DE MÁQUINAS E APARELHOS DE REFRIGERAÇÃO E VENTILAÇÃO PARA USO INDUSTRIAL E COMERCIAL'),
(258,105,'FABRICAÇÃO DE APARELHOS E EQUIPAMENTOS DE AR CONDICIONADO'),
(259,105,'FABRICAÇÃO DE MÁQUINAS E EQUIPAMENTOS PARA SANEAMENTO BÁSICO E AMBIENTAL'),
(260,105,'FABRICAÇÃO DE MÁQUINAS E EQUIPAMENTOS DE USO GERAL NÃO ESPECIFICADOS ANTERIORMENTE'),
(261,106,'FABRICAÇÃO DE EQUIPAMENTOS PARA IRRIGAÇÃO AGRÍCOLA'),
(262,106,'FABRICAÇÃO DE TRATORES AGRÍCOLAS'),
(263,106,'FABRICAÇÃO DE MÁQUINAS E EQUIPAMENTOS PARA A AGRICULTURA E PECUÁRIA, EXCETO PARA IRRIGAÇÃO'),
(264,107,'FABRICAÇÃO DE MÁQUINAS-FERRAMENTA'),
(265,108,'FABRICAÇÃO DE MÁQUINAS E EQUIPAMENTOS PARA A PROSPECÇÃO E EXTRAÇÃO DE PETRÓLEO'),
(266,108,'FABRICAÇÃO DE OUTRAS MÁQUINAS E EQUIPAMENTOS PARA USO NA EXTRAÇÃO MINERAL, EXCETO NA EXTRAÇÃO DE PETRÓLEO'),
(267,108,'FABRICAÇÃO DE TRATORES, EXCETO AGRÍCOLAS'),
(268,108,'FABRICAÇÃO DE MÁQUINAS E EQUIPAMENTOS PARA TERRAPLENAGEM, PAVIMENTAÇÃO E CONSTRUÇÃO, EXCETO TRATORES'),
(269,109,'FABRICAÇÃO DE MÁQUINAS PARA A INDÚSTRIA METALÚRGICA, EXCETO MÁQUINAS-FERRAMENTA'),
(270,109,'FABRICAÇÃO DE MÁQUINAS E EQUIPAMENTOS PARA AS INDÚSTRIAS DE ALIMENTOS, BEBIDAS E FUMO'),
(271,109,'FABRICAÇÃO DE MÁQUINAS E EQUIPAMENTOS PARA A INDÚSTRIA TÊXTIL'),
(272,109,'FABRICAÇÃO DE MÁQUINAS E EQUIPAMENTOS PARA AS INDÚSTRIAS DO VESTUÁRIO, DO COURO E DE CALÇADOS'),
(273,109,'FABRICAÇÃO DE MÁQUINAS E EQUIPAMENTOS PARA AS INDÚSTRIAS DE CELULOSE, PAPEL E PAPELÃO E ARTEFATOS'),
(274,109,'FABRICAÇÃO DE MÁQUINAS E EQUIPAMENTOS PARA A INDÚSTRIA DO PLÁSTICO'),
(275,109,'FABRICAÇÃO DE MÁQUINAS E EQUIPAMENTOS PARA USO INDUSTRIAL ESPECÍFICO NÃO ESPECIFICADOS ANTERIORMENTE'),
(276,110,'CONSTRUÇÃO DE EMBARCAÇÕES E ESTRUTURAS FLUTUANTES'),
(277,110,'CONSTRUÇÃO DE EMBARCAÇÕES PARA ESPORTE E LAZER'),
(278,111,'FABRICAÇÃO DE LOCOMOTIVAS, VAGÕES E OUTROS MATERIAIS RODANTES'),
(279,111,'FABRICAÇÃO DE PEÇAS E ACESSÓRIOS PARA VEÍCULOS FERROVIÁRIOS'),
(280,112,'FABRICAÇÃO DE AERONAVES');

INSERT INTO public.ibge_cnae_classe (id, grupo_id, nome) VALUES
(281,112,'FABRICAÇÃO DE TURBINAS, MOTORES E OUTROS COMPONENTES E PEÇAS PARA AERONAVES'),
(282,113,'FABRICAÇÃO DE VEÍCULOS MILITARES DE COMBATE'),
(283,114,'FABRICAÇÃO DE EQUIPAMENTOS DE TRANSPORTE NÃO ESPECIFICADOS ANTERIORMENTE'),
(284,114,'FABRICAÇÃO DE MOTOCICLETAS'),
(285,114,'FABRICAÇÃO DE BICICLETAS E TRICICLOS NÃO-MOTORIZADOS'),
(286,115,'FABRICAÇÃO DE MÓVEIS COM PREDOMINÂNCIA DE MADEIRA'),
(287,115,'FABRICAÇÃO DE MÓVEIS COM PREDOMINÂNCIA DE METAL'),
(288,115,'FABRICAÇÃO DE MÓVEIS DE OUTROS MATERIAIS, EXCETO MADEIRA E METAL'),
(289,115,'FABRICAÇÃO DE COLCHÕES'),
(290,116,'LAPIDAÇÃO DE GEMAS E FABRICAÇÃO DE ARTEFATOS DE OURIVESARIA E JOALHERIA'),
(291,116,'FABRICAÇÃO DE BIJUTERIAS E ARTEFATOS SEMELHANTES'),
(292,117,'FABRICAÇÃO DE INSTRUMENTOS MUSICAIS'),
(293,118,'FABRICAÇÃO DE ARTEFATOS PARA PESCA E ESPORTE'),
(294,119,'FABRICAÇÃO DE BRINQUEDOS E JOGOS RECREATIVOS'),
(295,120,'FABRICAÇÃO DE INSTRUMENTOS E MATERIAIS PARA USO MÉDICO E ODONTOLÓGICO E DE ARTIGOS ÓPTICOS'),
(296,121,'FABRICAÇÃO DE ESCOVAS, PINCÉIS E VASSOURAS'),
(297,121,'FABRICAÇÃO DE EQUIPAMENTOS E ACESSÓRIOS PARA SEGURANÇA E PROTEÇÃO PESSOAL E PROFISSIONAL'),
(298,121,'FABRICAÇÃO DE PRODUTOS DIVERSOS NÃO ESPECIFICADOS ANTERIORMENTE'),
(299,122,'MANUTENÇÃO E REPARAÇÃO DE TANQUES, RESERVATÓRIOS METÁLICOS E CALDEIRAS, EXCETO PARA VEÍCULOS'),
(300,122,'MANUTENÇÃO E REPARAÇÃO DE EQUIPAMENTOS ELETRÔNICOS E ÓPTICOS'),
(301,122,'MANUTENÇÃO E REPARAÇÃO DE MÁQUINAS E EQUIPAMENTOS ELÉTRICOS'),
(302,122,'MANUTENÇÃO E REPARAÇÃO DE MÁQUINAS E EQUIPAMENTOS DA INDÚSTRIA MECÂNICA'),
(303,122,'MANUTENÇÃO E REPARAÇÃO DE VEÍCULOS FERROVIÁRIOS'),
(304,122,'MANUTENÇÃO E REPARAÇÃO DE AERONAVES'),
(305,122,'MANUTENÇÃO E REPARAÇÃO DE EMBARCAÇÕES'),
(306,122,'MANUTENÇÃO E REPARAÇÃO DE EQUIPAMENTOS E PRODUTOS NÃO ESPECIFICADOS ANTERIORMENTE'),
(307,123,'INSTALAÇÃO DE MÁQUINAS E EQUIPAMENTOS INDUSTRIAIS'),
(308,123,'INSTALAÇÃO DE EQUIPAMENTOS NÃO ESPECIFICADOS ANTERIORMENTE'),
(309,124,'GERAÇÃO DE ENERGIA ELÉTRICA'),
(310,124,'TRANSMISSÃO DE ENERGIA ELÉTRICA'),
(311,124,'COMÉRCIO ATACADISTA DE ENERGIA ELÉTRICA'),
(312,124,'DISTRIBUIÇÃO DE ENERGIA ELÉTRICA'),
(313,125,'PRODUÇÃO DE GÁS; PROCESSAMENTO DE GÁS NATURAL; DISTRIBUIÇÃO DE COMBUSTÍVEIS GASOSOS POR REDES URBANAS'),
(314,126,'PRODUÇÃO E DISTRIBUIÇÃO DE VAPOR, ÁGUA QUENTE E AR CONDICIONADO'),
(315,127,'CAPTAÇÃO, TRATAMENTO E DISTRIBUIÇÃO DE ÁGUA'),
(316,128,'GESTÃO DE REDES DE ESGOTO'),
(317,128,'ATIVIDADES RELACIONADAS A ESGOTO, EXCETO A GESTÃO DE REDES'),
(318,129,'COLETA DE RESÍDUOS NÃO-PERIGOSOS'),
(319,129,'COLETA DE RESÍDUOS PERIGOSOS'),
(320,130,'TRATAMENTO E DISPOSIÇÃO DE RESÍDUOS NÃO-PERIGOSOS');

INSERT INTO public.ibge_cnae_classe (id, grupo_id, nome) VALUES
(321,130,'TRATAMENTO E DISPOSIÇÃO DE RESÍDUOS PERIGOSOS'),
(322,131,'RECUPERAÇÃO DE MATERIAIS METÁLICOS'),
(323,131,'RECUPERAÇÃO DE MATERIAIS PLÁSTICOS'),
(324,131,'RECUPERAÇÃO DE MATERIAIS NÃO ESPECIFICADOS ANTERIORMENTE'),
(325,132,'DESCONTAMINAÇÃO E OUTROS SERVIÇOS DE GESTÃO DE RESÍDUOS'),
(326,133,'INCORPORAÇÃO DE EMPREENDIMENTOS IMOBILIÁRIOS'),
(327,134,'CONSTRUÇÃO DE EDIFÍCIOS'),
(328,135,'CONSTRUÇÃO DE RODOVIAS E FERROVIAS'),
(329,135,'CONSTRUÇÃO DE OBRAS-DE-ARTE ESPECIAIS'),
(330,135,'OBRAS DE URBANIZAÇÃO - RUAS, PRAÇAS E CALÇADAS'),
(331,136,'CONSTRUÇÃO DE REDES DE TRANSPORTES POR DUTOS, EXCETO PARA ÁGUA E ESGOTO'),
(332,136,'OBRAS PARA GERAÇÃO E DISTRIBUIÇÃO DE ENERGIA ELÉTRICA E PARA TELECOMUNICAÇÕES'),
(333,136,'CONSTRUÇÃO DE REDES DE ABASTECIMENTO DE ÁGUA, COLETA DE ESGOTO E CONSTRUÇÕES CORRELATAS'),
(334,137,'OBRAS PORTUÁRIAS, MARÍTIMAS E FLUVIAIS'),
(335,137,'MONTAGEM DE INSTALAÇÕES INDUSTRIAIS E DE ESTRUTURAS METÁLICAS'),
(336,137,'OBRAS DE ENGENHARIA CIVIL NÃO ESPECIFICADAS ANTERIORMENTE'),
(337,138,'ARMAZENAMENTO'),
(338,138,'CARGA E DESCARGA'),
(339,139,'CONCESSIONÁRIAS DE RODOVIAS, PONTES, TÚNEIS E SERVIÇOS RELACIONADOS'),
(340,139,'TERMINAIS RODOVIÁRIOS E FERROVIÁRIOS'),
(341,139,'ESTACIONAMENTO DE VEÍCULOS'),
(342,139,'ATIVIDADES AUXILIARES DOS TRANSPORTES TERRESTRES NÃO ESPECIFICADAS ANTERIORMENTE'),
(343,140,'GESTÃO DE PORTOS E TERMINAIS'),
(344,140,'ATIVIDADES DE AGENCIAMENTO MARÍTIMO'),
(345,140,'ATIVIDADES AUXILIARES DOS TRANSPORTES AQUAVIÁRIOS NÃO ESPECIFICADAS ANTERIORMENTE'),
(346,141,'ATIVIDADES AUXILIARES DOS TRANSPORTES AÉREOS'),
(347,142,'ATIVIDADES RELACIONADAS À ORGANIZAÇÃO DO TRANSPORTE DE CARGA'),
(348,143,'ATIVIDADES DE CORREIO'),
(349,144,'ATIVIDADES DE MALOTE E DE ENTREGA'),
(350,145,'HOTÉIS E SIMILARES'),
(351,146,'OUTROS TIPOS DE ALOJAMENTO NÃO ESPECIFICADOS ANTERIORMENTE'),
(352,147,'RESTAURANTES E OUTROS ESTABELECIMENTOS DE SERVIÇOS DE ALIMENTAÇÃO E BEBIDAS'),
(353,147,'SERVIÇOS AMBULANTES DE ALIMENTAÇÃO'),
(354,148,'SERVIÇOS DE CATERING, BUFÊ E OUTROS SERVIÇOS DE COMIDA PREPARADA'),
(355,149,'DEMOLIÇÃO E PREPARAÇÃO DE CANTEIROS DE OBRAS'),
(356,149,'PERFURAÇÕES E SONDAGENS'),
(357,149,'OBRAS DE TERRAPLENAGEM'),
(358,149,'SERVIÇOS DE PREPARAÇÃO DO TERRENO NÃO ESPECIFICADOS ANTERIORMENTE'),
(359,150,'INSTALAÇÕES ELÉTRICAS'),
(360,150,'INSTALAÇÕES HIDRÁULICAS, DE SISTEMAS DE VENTILAÇÃO E REFRIGERAÇÃO');

INSERT INTO public.ibge_cnae_classe (id, grupo_id, nome) VALUES
(361,150,'OBRAS DE INSTALAÇÕES EM CONSTRUÇÕES NÃO ESPECIFICADAS ANTERIORMENTE'),
(362,151,'OBRAS DE ACABAMENTO'),
(363,152,'OBRAS DE FUNDAÇÕES'),
(364,152,'SERVIÇOS ESPECIALIZADOS PARA CONSTRUÇÃO NÃO ESPECIFICADOS ANTERIORMENTE'),
(365,153,'COMÉRCIO A VAREJO E POR ATACADO DE VEÍCULOS AUTOMOTORES'),
(366,153,'REPRESENTANTES COMERCIAIS E AGENTES DO COMÉRCIO DE VEÍCULOS AUTOMOTORES'),
(367,154,'MANUTENÇÃO E REPARAÇÃO DE VEÍCULOS AUTOMOTORES'),
(368,155,'COMÉRCIO DE PEÇAS E ACESSÓRIOS PARA VEÍCULOS AUTOMOTORES'),
(369,156,'COMÉRCIO POR ATACADO E A VAREJO DE MOTOCICLETAS, PEÇAS E ACESSÓRIOS'),
(370,156,'REPRESENTANTES COMERCIAIS E AGENTES DO COMÉRCIO DE MOTOCICLETAS, PEÇAS E ACESSÓRIOS'),
(371,156,'MANUTENÇÃO E REPARAÇÃO DE MOTOCICLETAS'),
(372,157,'ATIVIDADES DE RÁDIO'),
(373,158,'ATIVIDADES DE TELEVISÃO ABERTA'),
(374,158,'PROGRAMADORAS E ATIVIDADES RELACIONADAS À TELEVISÃO POR ASSINATURA'),
(375,159,'REPRESENTANTES COMERCIAIS E AGENTES DO COMÉRCIO DE MATÉRIAS-PRIMAS AGRÍCOLAS E ANIMAIS VIVOS'),
(376,159,'REPRESENTANTES COMERCIAIS E AGENTES DO COMÉRCIO DE COMBUSTÍVEIS, MINERAIS, PRODUTOS SIDERÚRGICOS E QUÍMICOS'),
(377,159,'REPRESENTANTES COMERCIAIS E AGENTES DO COMÉRCIO DE MADEIRA, MATERIAL DE CONSTRUÇÃO E FERRAGENS'),
(378,159,'REPRESENTANTES COMERCIAIS E AGENTES DO COMÉRCIO DE MÁQUINAS, EQUIPAMENTOS, EMBARCAÇÕES E AERONAVES'),
(379,159,'REPRESENTANTES COMERCIAIS E AGENTES DO COMÉRCIO DE ELETRODOMÉSTICOS, MÓVEIS E ARTIGOS DE USO DOMÉSTICO'),
(380,159,'REPRESENTANTES COMERCIAIS E AGENTES DO COMÉRCIO DE TÊXTEIS, VESTUÁRIO, CALÇADOS E ARTIGOS DE VIAGEM'),
(381,159,'REPRESENTANTES COMERCIAIS E AGENTES DO COMÉRCIO DE PRODUTOS ALIMENTÍCIOS, BEBIDAS E FUMO'),
(382,159,'REPRESENTANTES COMERCIAIS E AGENTES DO COMÉRCIO ESPECIALIZADO EM PRODUTOS NÃO ESPECIFICADOS ANTERIORMENTE'),
(383,159,'REPRESENTANTES COMERCIAIS E AGENTES DO COMÉRCIO DE MERCADORIAS EM GERAL NÃO ESPECIALIZADO'),
(384,160,'COMÉRCIO ATACADISTA DE CAFÉ EM GRÃO'),
(385,160,'COMÉRCIO ATACADISTA DE SOJA'),
(386,160,'COMÉRCIO ATACADISTA DE ANIMAIS VIVOS, ALIMENTOS PARA ANIMAIS E MATÉRIAS-PRIMAS AGRÍCOLAS, EXCETO CAFÉ E SOJA'),
(387,161,'COMÉRCIO ATACADISTA DE LEITE E LATICÍNIOS'),
(388,161,'COMÉRCIO ATACADISTA DE CEREAIS E LEGUMINOSAS BENEFICIADOS, FARINHAS, AMIDOS E FÉCULAS'),
(389,161,'COMÉRCIO ATACADISTA DE HORTIFRUTIGRANJEIROS'),
(390,161,'COMÉRCIO ATACADISTA DE CARNES, PRODUTOS DA CARNE E PESCADO'),
(391,161,'COMÉRCIO ATACADISTA DE BEBIDAS'),
(392,161,'COMÉRCIO ATACADISTA DE PRODUTOS DO FUMO'),
(393,161,'COMÉRCIO ATACADISTA ESPECIALIZADO EM PRODUTOS ALIMENTÍCIOS NÃO ESPECIFICADOS ANTERIORMENTE'),
(394,161,'COMÉRCIO ATACADISTA DE PRODUTOS ALIMENTÍCIOS EM GERAL'),
(395,162,'COMÉRCIO ATACADISTA DE COSMÉTICOS, PRODUTOS DE PERFUMARIA E DE HIGIENE PESSOAL'),
(396,162,'COMÉRCIO ATACADISTA DE INSTRUMENTOS E MATERIAIS PARA USO MÉDICO, CIRÚRGICO, ORTOPÉDICO E ODONTOLÓGICO'),
(397,162,'COMÉRCIO ATACADISTA DE TECIDOS, ARTEFATOS DE TECIDOS E DE ARMARINHO'),
(398,162,'COMÉRCIO ATACADISTA DE ARTIGOS DO VESTUÁRIO E ACESSÓRIOS'),
(399,162,'COMÉRCIO ATACADISTA DE CALÇADOS E ARTIGOS DE VIAGEM'),
(400,162,'COMÉRCIO ATACADISTA DE PRODUTOS FARMACÊUTICOS PARA USO HUMANO E VETERINÁRIO');

INSERT INTO public.ibge_cnae_classe (id, grupo_id, nome) VALUES
(401,162,'COMÉRCIO ATACADISTA DE ARTIGOS DE ESCRITÓRIO E DE PAPELARIA; LIVROS, JORNAIS E OUTRAS PUBLICAÇÕES'),
(402,162,'COMÉRCIO ATACADISTA DE EQUIPAMENTOS E ARTIGOS DE USO PESSOAL E DOMÉSTICO NÃO ESPECIFICADOS ANTERIORMENTE'),
(403,163,'COMÉRCIO ATACADISTA DE COMPUTADORES, PERIFÉRICOS E SUPRIMENTOS DE INFORMÁTICA'),
(404,163,'COMÉRCIO ATACADISTA DE COMPONENTES ELETRÔNICOS E EQUIPAMENTOS DE TELEFONIA E COMUNICAÇÃO'),
(405,164,'COMÉRCIO ATACADISTA DE MÁQUINAS, APARELHOS E EQUIPAMENTOS PARA USO AGROPECUÁRIO; PARTES E PEÇAS'),
(406,164,'COMÉRCIO ATACADISTA DE MÁQUINAS, EQUIPAMENTOS PARA TERRAPLENAGEM, MINERAÇÃO E CONSTRUÇÃO; PARTES E PEÇAS'),
(407,164,'COMÉRCIO ATACADISTA DE MÁQUINAS E EQUIPAMENTOS PARA USO INDUSTRIAL; PARTES E PEÇAS'),
(408,164,'COMÉRCIO ATACADISTA DE MÁQUINAS, APARELHOS E EQUIPAMENTOS PARA USO ODONTO-MÉDICO-HOSPITALAR; PARTES E PEÇAS'),
(409,164,'COMÉRCIO ATACADISTA DE MÁQUINAS E EQUIPAMENTOS PARA USO COMERCIAL; PARTES E PEÇAS'),
(410,164,'COMÉRCIO ATACADISTA DE MÁQUINAS, APARELHOS E EQUIPAMENTOS NÃO ESPECIFICADOS ANTERIORMENTE; PARTES E PEÇAS'),
(411,165,'COMÉRCIO ATACADISTA DE MADEIRA E PRODUTOS DERIVADOS'),
(412,165,'COMÉRCIO ATACADISTA DE FERRAGENS E FERRAMENTAS'),
(413,165,'COMÉRCIO ATACADISTA DE MATERIAL ELÉTRICO'),
(414,165,'COMÉRCIO ATACADISTA DE CIMENTO'),
(415,165,'COMÉRCIO ATACADISTA ESPECIALIZADO DE MATERIAIS DE CONSTRUÇÃO NÃO ESPECIFICADOS ANTERIORMENTE E DE MATERIAIS DE CONSTRUÇÃO EM GERAL'),
(416,166,'COMÉRCIO ATACADISTA DE COMBUSTÍVEIS SÓLIDOS, LÍQUIDOS E GASOSOS, EXCETO GÁS NATURAL E GLP'),
(417,166,'COMÉRCIO ATACADISTA DE GÁS LIQUEFEITO DE PETRÓLEO (GLP)'),
(418,166,'COMÉRCIO ATACADISTA DE DEFENSIVOS AGRÍCOLAS, ADUBOS, FERTILIZANTES E CORRETIVOS DO SOLO'),
(419,166,'COMÉRCIO ATACADISTA DE PRODUTOS QUÍMICOS E PETROQUÍMICOS, EXCETO AGROQUÍMICOS'),
(420,166,'COMÉRCIO ATACADISTA DE PRODUTOS SIDERÚRGICOS E METALÚRGICOS, EXCETO PARA CONSTRUÇÃO'),
(421,166,'COMÉRCIO ATACADISTA DE PAPEL E PAPELÃO EM BRUTO E DE EMBALAGENS'),
(422,166,'COMÉRCIO ATACADISTA DE RESÍDUOS E SUCATAS'),
(423,166,'COMÉRCIO ATACADISTA ESPECIALIZADO DE OUTROS PRODUTOS INTERMEDIÁRIOS NÃO ESPECIFICADOS ANTERIORMENTE'),
(424,167,'COMÉRCIO ATACADISTA DE MERCADORIAS EM GERAL, COM PREDOMINÂNCIA DE PRODUTOS ALIMENTÍCIOS'),
(425,167,'COMÉRCIO ATACADISTA DE MERCADORIAS EM GERAL, COM PREDOMINÂNCIA DE INSUMOS AGROPECUÁRIOS'),
(426,167,'COMÉRCIO ATACADISTA DE MERCADORIAS EM GERAL, SEM PREDOMINÂNCIA DE ALIMENTOS OU DE INSUMOS AGROPECUÁRIOS'),
(427,168,'COMÉRCIO VAREJISTA DE MERCADORIAS EM GERAL, COM PREDOMINÂNCIA DE PRODUTOS ALIMENTÍCIOS - HIPERMERCADOS E SUPERMERCADOS'),
(428,168,'COMÉRCIO VAREJISTA DE MERCADORIAS EM GERAL, COM PREDOMINÂNCIA DE PRODUTOS ALIMENTÍCIOS - MINIMERCADOS, MERCEARIAS E ARMAZÉNS'),
(429,168,'COMÉRCIO VAREJISTA DE MERCADORIAS EM GERAL, SEM PREDOMINÂNCIA DE PRODUTOS ALIMENTÍCIOS'),
(430,169,'COMÉRCIO VAREJISTA DE CARNES E PESCADOS - AÇOUGUES E PEIXARIAS'),
(431,169,'COMÉRCIO VAREJISTA DE BEBIDAS'),
(432,169,'COMÉRCIO VAREJISTA DE HORTIFRUTIGRANJEIROS'),
(433,169,'COMÉRCIO VAREJISTA DE PRODUTOS DE PADARIA, LATICÍNIO, DOCES, BALAS E SEMELHANTES'),
(434,169,'COMÉRCIO VAREJISTA DE PRODUTOS ALIMENTÍCIOS EM GERAL OU ESPECIALIZADO EM PRODUTOS ALIMENTÍCIOS NÃO ESPECIFICADOS ANTERIORMENTE; PRODUTOS DO FUMO'),
(435,170,'COMÉRCIO VAREJISTA DE COMBUSTÍVEIS PARA VEÍCULOS AUTOMOTORES'),
(436,170,'COMÉRCIO VAREJISTA DE LUBRIFICANTES'),
(437,171,'COMÉRCIO VAREJISTA DE TINTAS E MATERIAIS PARA PINTURA'),
(438,171,'COMÉRCIO VAREJISTA DE MATERIAL ELÉTRICO'),
(439,171,'COMÉRCIO VAREJISTA DE VIDROS'),
(440,171,'COMÉRCIO VAREJISTA DE FERRAGENS, MADEIRA E MATERIAIS DE CONSTRUÇÃO');

INSERT INTO public.ibge_cnae_classe (id, grupo_id, nome) VALUES
(441,172,'COMÉRCIO VAREJISTA ESPECIALIZADO DE PEÇAS E ACESSÓRIOS PARA APARELHOS ELETROELETRÔNICOS PARA USO DOMÉSTICO, EXCETO INFORMÁTICA E COMUNICAÇÃO'),
(442,172,'COMÉRCIO VAREJISTA ESPECIALIZADO DE TECIDOS E ARTIGOS DE CAMA, MESA E BANHO'),
(443,172,'COMÉRCIO VAREJISTA ESPECIALIZADO DE INSTRUMENTOS MUSICAIS E ACESSÓRIOS'),
(444,172,'COMÉRCIO VAREJISTA ESPECIALIZADO DE EQUIPAMENTOS E SUPRIMENTOS DE INFORMÁTICA'),
(445,172,'COMÉRCIO VAREJISTA ESPECIALIZADO DE EQUIPAMENTOS DE TELEFONIA E COMUNICAÇÃO'),
(446,172,'COMÉRCIO VAREJISTA ESPECIALIZADO DE ELETRODOMÉSTICOS E EQUIPAMENTOS DE ÁUDIO E VÍDEO'),
(447,172,'COMÉRCIO VAREJISTA ESPECIALIZADO DE MÓVEIS, COLCHOARIA E ARTIGOS DE ILUMINAÇÃO'),
(448,172,'COMÉRCIO VAREJISTA DE ARTIGOS DE USO DOMÉSTICO NÃO ESPECIFICADOS ANTERIORMENTE'),
(449,173,'COMÉRCIO VAREJISTA DE LIVROS, JORNAIS, REVISTAS E PAPELARIA'),
(450,173,'COMÉRCIO VAREJISTA DE DISCOS, CDS, DVDS E FITAS'),
(451,173,'COMÉRCIO VAREJISTA DE ARTIGOS RECREATIVOS E ESPORTIVOS'),
(452,174,'COMÉRCIO VAREJISTA DE PRODUTOS FARMACÊUTICOS PARA USO HUMANO E VETERINÁRIO'),
(453,174,'COMÉRCIO VAREJISTA DE COSMÉTICOS, PRODUTOS DE PERFUMARIA E DE HIGIENE PESSOAL'),
(454,174,'COMÉRCIO VAREJISTA DE ARTIGOS MÉDICOS E ORTOPÉDICOS'),
(455,174,'COMÉRCIO VAREJISTA DE ARTIGOS DE ÓPTICA'),
(456,175,'COMÉRCIO VAREJISTA DE ARTIGOS DO VESTUÁRIO E ACESSÓRIOS'),
(457,175,'COMÉRCIO VAREJISTA DE CALÇADOS E ARTIGOS DE VIAGEM'),
(458,175,'COMÉRCIO VAREJISTA DE JÓIAS E RELÓGIOS'),
(459,175,'COMÉRCIO VAREJISTA DE GÁS LIQUEFEITO DE PETRÓLEO (GLP)'),
(460,175,'COMÉRCIO VAREJISTA DE ARTIGOS USADOS'),
(461,175,'COMÉRCIO VAREJISTA DE OUTROS PRODUTOS NOVOS NÃO ESPECIFICADOS ANTERIORMENTE'),
(462,176,'TRANSPORTE FERROVIÁRIO DE CARGA'),
(463,176,'TRANSPORTE METROFERROVIÁRIO DE PASSAGEIROS'),
(464,177,'TRANSPORTE RODOVIÁRIO COLETIVO DE PASSAGEIROS, COM ITINERÁRIO FIXO, MUNICIPAL E EM REGIÃO METROPOLITANA'),
(465,177,'TRANSPORTE RODOVIÁRIO COLETIVO DE PASSAGEIROS, COM ITINERÁRIO FIXO, INTERMUNICIPAL, INTERESTADUAL E INTERNACIONAL'),
(466,177,'TRANSPORTE RODOVIÁRIO DE TÁXI'),
(467,177,'TRANSPORTE ESCOLAR'),
(468,177,'TRANSPORTE RODOVIÁRIO COLETIVO DE PASSAGEIROS, SOB REGIME DE FRETAMENTO, E OUTROS TRANSPORTES RODOVIÁRIOS NÃO ESPECIFICADOS ANTERIORMENTE'),
(469,178,'TRANSPORTE RODOVIÁRIO DE CARGA'),
(470,179,'TRANSPORTE DUTOVIÁRIO'),
(471,180,'TRENS TURÍSTICOS, TELEFÉRICOS E SIMILARES'),
(472,181,'TRANSPORTE MARÍTIMO DE CABOTAGEM'),
(473,181,'TRANSPORTE MARÍTIMO DE LONGO CURSO'),
(474,182,'TRANSPORTE POR NAVEGAÇÃO INTERIOR DE PASSAGEIROS EM LINHAS REGULARES'),
(475,182,'TRANSPORTE POR NAVEGAÇÃO INTERIOR DE CARGA'),
(476,183,'NAVEGAÇÃO DE APOIO'),
(477,184,'TRANSPORTE POR NAVEGAÇÃO DE TRAVESSIA'),
(478,184,'TRANSPORTES AQUAVIÁRIOS NÃO ESPECIFICADOS ANTERIORMENTE'),
(479,185,'TRANSPORTE AÉREO DE PASSAGEIROS REGULAR'),
(480,185,'TRANSPORTE AÉREO DE PASSAGEIROS NÃO-REGULAR');

INSERT INTO public.ibge_cnae_classe (id, grupo_id, nome) VALUES
(481,186,'TRANSPORTE AÉREO DE CARGA'),
(482,187,'TRANSPORTE ESPACIAL'),
(483,188,'SERVIÇOS DE ARQUITETURA'),
(484,188,'SERVIÇOS DE ENGENHARIA'),
(485,188,'ATIVIDADES TÉCNICAS RELACIONADAS À ARQUITETURA E ENGENHARIA'),
(486,189,'TESTES E ANÁLISES TÉCNICAS'),
(487,190,'EDIÇÃO DE LIVROS'),
(488,190,'EDIÇÃO DE JORNAIS'),
(489,190,'EDIÇÃO DE REVISTAS'),
(490,190,'EDIÇÃO DE CADASTROS, LISTAS E DE OUTROS PRODUTOS GRÁFICOS'),
(491,191,'EDIÇÃO INTEGRADA À IMPRESSÃO DE LIVROS'),
(492,191,'EDIÇÃO INTEGRADA À IMPRESSÃO DE JORNAIS'),
(493,191,'EDIÇÃO INTEGRADA À IMPRESSÃO DE REVISTAS'),
(494,191,'EDIÇÃO INTEGRADA À IMPRESSÃO DE CADASTROS, LISTAS E DE OUTROS PRODUTOS GRÁFICOS'),
(495,192,'ATIVIDADES DE PRODUÇÃO CINEMATOGRÁFICA, DE VÍDEOS E DE PROGRAMAS DE TELEVISÃO'),
(496,192,'ATIVIDADES DE PÓS-PRODUÇÃO CINEMATOGRÁFICA, DE VÍDEOS E DE PROGRAMAS DE TELEVISÃO'),
(497,192,'DISTRIBUIÇÃO CINEMATOGRÁFICA, DE VÍDEO E DE PROGRAMAS DE TELEVISÃO'),
(498,192,'ATIVIDADES DE EXIBIÇÃO CINEMATOGRÁFICA'),
(499,193,'ATIVIDADES DE GRAVAÇÃO DE SOM E DE EDIÇÃO DE MÚSICA'),
(500,194,'TELECOMUNICAÇÕES POR FIO'),
(501,195,'TELECOMUNICAÇÕES SEM FIO'),
(502,196,'TELECOMUNICAÇÕES POR SATÉLITE'),
(503,197,'OPERADORAS DE TELEVISÃO POR ASSINATURA POR CABO'),
(504,197,'OPERADORAS DE TELEVISÃO POR ASSINATURA POR MICROONDAS'),
(505,197,'OPERADORAS DE TELEVISÃO POR ASSINATURA POR SATÉLITE'),
(506,198,'OUTRAS ATIVIDADES DE TELECOMUNICAÇÕES'),
(507,199,'DESENVOLVIMENTO DE PROGRAMAS DE COMPUTADOR SOB ENCOMENDA'),
(508,199,'DESENVOLVIMENTO E LICENCIAMENTO DE PROGRAMAS DE COMPUTADOR CUSTOMIZÁVEIS'),
(509,199,'DESENVOLVIMENTO E LICENCIAMENTO DE PROGRAMAS DE COMPUTADOR NÃO-CUSTOMIZÁVEIS'),
(510,199,'CONSULTORIA EM TECNOLOGIA DA INFORMAÇÃO'),
(511,199,'SUPORTE TÉCNICO, MANUTENÇÃO E OUTROS SERVIÇOS EM TECNOLOGIA DA INFORMAÇÃO'),
(512,200,'TRATAMENTO DE DADOS, PROVEDORES DE SERVIÇOS DE APLICAÇÃO E SERVIÇOS DE HOSPEDAGEM NA INTERNET'),
(513,200,'PORTAIS, PROVEDORES DE CONTEÚDO E OUTROS SERVIÇOS DE INFORMAÇÃO NA INTERNET'),
(514,201,'AGÊNCIAS DE NOTÍCIAS'),
(515,201,'OUTRAS ATIVIDADES DE PRESTAÇÃO DE SERVIÇOS DE INFORMAÇÃO NÃO ESPECIFICADAS ANTERIORMENTE'),
(516,202,'BANCO CENTRAL'),
(517,203,'CAIXAS ECONÔMICAS'),
(518,203,'BANCOS MÚLTIPLOS, COM CARTEIRA COMERCIAL'),
(519,203,'BANCOS COMERCIAIS'),
(520,203,'CRÉDITO COOPERATIVO');

INSERT INTO public.ibge_cnae_classe (id, grupo_id, nome) VALUES
(521,204,'BANCOS MÚLTIPLOS, SEM CARTEIRA COMERCIAL'),
(522,204,'BANCOS DE INVESTIMENTO'),
(523,204,'BANCOS DE DESENVOLVIMENTO'),
(524,204,'AGÊNCIAS DE FOMENTO'),
(525,204,'CRÉDITO IMOBILIÁRIO'),
(526,204,'SOCIEDADES DE CRÉDITO, FINANCIAMENTO E INVESTIMENTO - FINANCEIRAS'),
(527,204,'SOCIEDADES DE CRÉDITO AO MICROEMPREENDEDOR'),
(528,204,'BANCOS DE CAMBIO E OUTRAS INSTITUIÇÕES DE INTERMEDIAÇÃO NÃO-MONETÁRIA'),
(529,205,'ARRENDAMENTO MERCANTIL'),
(530,206,'SOCIEDADES DE CAPITALIZAÇÃO'),
(531,207,'HOLDINGS DE INSTITUIÇÕES FINANCEIRAS'),
(532,207,'HOLDINGS DE INSTITUIÇÕES NÃO-FINANCEIRAS'),
(533,207,'OUTRAS SOCIEDADES DE PARTICIPAÇÃO, EXCETO HOLDINGS'),
(534,208,'FUNDOS DE INVESTIMENTO'),
(535,209,'SOCIEDADES DE FOMENTO MERCANTIL - FACTORING'),
(536,209,'SECURITIZAÇÃO DE CRÉDITOS'),
(537,209,'ADMINISTRAÇÃO DE CONSÓRCIOS PARA AQUISIÇÃO DE BENS E DIREITOS'),
(538,209,'OUTRAS ATIVIDADES DE SERVIÇOS FINANCEIROS NÃO ESPECIFICADAS ANTERIORMENTE'),
(539,210,'SEGUROS DE VIDA'),
(540,210,'SEGUROS NÃO-VIDA'),
(541,211,'SEGUROS-SAÚDE'),
(542,212,'RESSEGUROS'),
(543,213,'PREVIDÊNCIA COMPLEMENTAR FECHADA'),
(544,213,'PREVIDÊNCIA COMPLEMENTAR ABERTA'),
(545,214,'PLANOS DE SAÚDE'),
(546,215,'ADMINISTRAÇÃO DE BOLSAS E MERCADOS DE BALCÃO ORGANIZADOS'),
(547,215,'ATIVIDADES DE INTERMEDIÁRIOS EM TRANSAÇÕES DE TÍTULOS, VALORES MOBILIÁRIOS E MERCADORIAS'),
(548,215,'ADMINISTRAÇÃO DE CARTÕES DE CRÉDITO'),
(549,215,'ATIVIDADES AUXILIARES DOS SERVIÇOS FINANCEIROS NÃO ESPECIFICADAS ANTERIORMENTE'),
(550,216,'AVALIAÇÃO DE RISCOS E PERDAS'),
(551,216,'CORRETORES E AGENTES DE SEGUROS, DE PLANOS DE PREVIDÊNCIA COMPLEMENTAR E DE SAÚDE'),
(552,216,'ATIVIDADES AUXILIARES DOS SEGUROS, DA PREVIDÊNCIA COMPLEMENTAR E DOS PLANOS DE SAÚDE NÃO ESPECIFICADAS ANTERIORMENTE'),
(553,217,'ATIVIDADES DE ADMINISTRAÇÃO DE FUNDOS POR CONTRATO OU COMISSÃO'),
(554,218,'ATIVIDADES IMOBILIÁRIAS DE IMÓVEIS PRÓPRIOS'),
(555,219,'INTERMEDIAÇÃO NA COMPRA, VENDA E ALUGUEL DE IMÓVEIS'),
(556,219,'GESTÃO E ADMINISTRAÇÃO DA PROPRIEDADE IMOBILIÁRIA'),
(557,220,'ATIVIDADES JURÍDICAS, EXCETO CARTÓRIOS'),
(558,220,'CARTÓRIOS'),
(559,221,'ATIVIDADES DE CONTABILIDADE, CONSULTORIA E AUDITORIA CONTÁBIL E TRIBUTÁRIA'),
(560,222,'ATIVIDADES DE CONSULTORIA EM GESTÃO EMPRESARIAL');

INSERT INTO public.ibge_cnae_classe (id, grupo_id, nome) VALUES
(561,223,'PESQUISA E DESENVOLVIMENTO EXPERIMENTAL EM CIÊNCIAS FÍSICAS E NATURAIS'),
(562,224,'PESQUISA E DESENVOLVIMENTO EXPERIMENTAL EM CIÊNCIAS SOCIAIS E HUMANAS'),
(563,225,'AGÊNCIAS DE PUBLICIDADE'),
(564,225,'AGENCIAMENTO DE ESPAÇOS PARA PUBLICIDADE, EXCETO EM VEÍCULOS DE COMUNICAÇÃO'),
(565,225,'ATIVIDADES DE PUBLICIDADE NÃO ESPECIFICADAS ANTERIORMENTE'),
(566,226,'PESQUISAS DE MERCADO E DE OPINIÃO PÚBLICA'),
(567,227,'DESIGN E DECORAÇÃO DE INTERIORES'),
(568,228,'ATIVIDADES FOTOGRÁFICAS E SIMILARES'),
(569,229,'ATIVIDADES PROFISSIONAIS, CIENTÍFICAS E TÉCNICAS NÃO ESPECIFICADAS ANTERIORMENTE'),
(570,230,'ATIVIDADES VETERINÁRIAS'),
(571,231,'ATIVIDADES DE BIBLIOTECAS E ARQUIVOS'),
(572,231,'ATIVIDADES DE MUSEUS E DE EXPLORAÇÃO, RESTAURAÇÃO ARTÍSTICA E CONSERVAÇÃO DE LUGARES E PRÉDIOS HISTÓRICOS E ATRAÇÕES SIMILARES'),
(573,231,'ATIVIDADES DE JARDINS BOTÂNICOS, ZOOLÓGICOS, PARQUES NACIONAIS, RESERVAS ECOLÓGICAS E ÁREAS DE PROTEÇÃO AMBIENTAL'),
(574,232,'ATIVIDADES DE EXPLORAÇÃO DE JOGOS DE AZAR E APOSTAS'),
(575,233,'LOCAÇÃO DE AUTOMÓVEIS SEM CONDUTOR'),
(576,233,'LOCAÇÃO DE MEIOS DE TRANSPORTE, EXCETO AUTOMÓVEIS, SEM CONDUTOR'),
(577,234,'ALUGUEL DE EQUIPAMENTOS RECREATIVOS E ESPORTIVOS'),
(578,234,'ALUGUEL DE FITAS DE VÍDEO, DVDS E SIMILARES'),
(579,234,'ALUGUEL DE OBJETOS DO VESTUÁRIO, JÓIAS E ACESSÓRIOS'),
(580,234,'ALUGUEL DE OBJETOS PESSOAIS E DOMÉSTICOS NÃO ESPECIFICADOS ANTERIORMENTE'),
(581,235,'ALUGUEL DE MÁQUINAS E EQUIPAMENTOS AGRÍCOLAS SEM OPERADOR'),
(582,235,'ALUGUEL DE MÁQUINAS E EQUIPAMENTOS PARA CONSTRUÇÃO SEM OPERADOR'),
(583,235,'ALUGUEL DE MÁQUINAS E EQUIPAMENTOS PARA ESCRITÓRIOS'),
(584,235,'ALUGUEL DE MÁQUINAS E EQUIPAMENTOS NÃO ESPECIFICADOS ANTERIORMENTE'),
(585,236,'GESTÃO DE ATIVOS INTANGÍVEIS NÃO-FINANCEIROS'),
(586,237,'SELEÇÃO E AGENCIAMENTO DE MÃO-DE-OBRA'),
(587,238,'LOCAÇÃO DE MÃO-DE-OBRA TEMPORÁRIA'),
(588,239,'FORNECIMENTO E GESTÃO DE RECURSOS HUMANOS PARA TERCEIROS'),
(589,240,'AGÊNCIAS DE VIAGENS'),
(590,240,'OPERADORES TURÍSTICOS'),
(591,241,'SERVIÇOS DE RESERVAS E OUTROS SERVIÇOS DE TURISMO NÃO ESPECIFICADOS ANTERIORMENTE'),
(592,242,'ATIVIDADES DE VIGILÂNCIA E SEGURANÇA PRIVADA'),
(593,242,'ATIVIDADES DE TRANSPORTE DE VALORES'),
(594,243,'ATIVIDADES DE MONITORAMENTO DE SISTEMAS DE SEGURANÇA'),
(595,244,'ATIVIDADES DE INVESTIGAÇÃO PARTICULAR'),
(596,245,'SERVIÇOS COMBINADOS PARA APOIO A EDIFÍCIOS, EXCETO CONDOMÍNIOS PREDIAIS'),
(597,245,'CONDOMÍNIOS PREDIAIS'),
(598,246,'LIMPEZA EM PRÉDIOS E EM DOMICÍLIOS'),
(599,246,'IMUNIZAÇÃO E CONTROLE DE PRAGAS URBANAS'),
(600,246,'ATIVIDADES DE LIMPEZA NÃO ESPECIFICADAS ANTERIORMENTE');

INSERT INTO public.ibge_cnae_classe (id, grupo_id, nome) VALUES
(601,247,'ATIVIDADES PAISAGÍSTICAS'),
(602,248,'SERVIÇOS COMBINADOS DE ESCRITÓRIO E APOIO ADMINISTRATIVO'),
(603,248,'FOTOCÓPIAS, PREPARAÇÃO DE DOCUMENTOS E OUTROS SERVIÇOS ESPECIALIZADOS DE APOIO ADMINISTRATIVO'),
(604,249,'ATIVIDADES DE TELEATENDIMENTO'),
(605,250,'ATIVIDADES DE ORGANIZAÇÃO DE EVENTOS, EXCETO CULTURAIS E ESPORTIVOS'),
(606,251,'ATIVIDADES DE COBRANÇAS E INFORMAÇÕES CADASTRAIS'),
(607,251,'ENVASAMENTO E EMPACOTAMENTO SOB CONTRATO'),
(608,251,'ATIVIDADES DE SERVIÇOS PRESTADOS PRINCIPALMENTE ÀS EMPRESAS NÃO ESPECIFICADAS ANTERIORMENTE'),
(609,252,'ADMINISTRAÇÃO PÚBLICA EM GERAL'),
(610,252,'REGULAÇÃO DAS ATIVIDADES DE SAÚDE, EDUCAÇÃO, SERVIÇOS CULTURAIS E OUTROS SERVIÇOS SOCIAIS'),
(611,252,'REGULAÇÃO DAS ATIVIDADES ECONÔMICAS'),
(612,253,'RELAÇÕES EXTERIORES'),
(613,253,'DEFESA'),
(614,253,'JUSTIÇA'),
(615,253,'SEGURANÇA E ORDEM PÚBLICA'),
(616,253,'DEFESA CIVIL'),
(617,254,'SEGURIDADE SOCIAL OBRIGATÓRIA'),
(618,255,'EDUCAÇÃO INFANTIL - CRECHE'),
(619,255,'EDUCAÇÃO INFANTIL - PRÉ-ESCOLA'),
(620,255,'ENSINO FUNDAMENTAL'),
(621,256,'ENSINO MÉDIO'),
(622,257,'EDUCAÇÃO SUPERIOR - PÓS-GRADUAÇÃO E EXTENSÃO'),
(623,257,'EDUCAÇÃO SUPERIOR - GRADUAÇÃO'),
(624,257,'EDUCAÇÃO SUPERIOR - GRADUAÇÃO E PÓS-GRADUAÇÃO'),
(625,258,'EDUCAÇÃO PROFISSIONAL DE NÍVEL TÉCNICO'),
(626,258,'EDUCAÇÃO PROFISSIONAL DE NÍVEL TECNOLÓGICO'),
(627,259,'ATIVIDADES DE APOIO À EDUCAÇÃO'),
(628,260,'ENSINO DE ESPORTES'),
(629,260,'ENSINO DE ARTE E CULTURA'),
(630,260,'ENSINO DE IDIOMAS'),
(631,260,'ATIVIDADES DE ENSINO NÃO ESPECIFICADAS ANTERIORMENTE'),
(632,261,'ATIVIDADES DE ATENDIMENTO HOSPITALAR'),
(633,262,'SERVIÇOS MÓVEIS DE ATENDIMENTO A URGÊNCIAS'),
(634,262,'SERVIÇOS DE REMOÇÃO DE PACIENTES, EXCETO OS SERVIÇOS MÓVEIS DE ATENDIMENTO A URGÊNCIAS'),
(635,263,'ATIVIDADES DE ATENÇÃO AMBULATORIAL EXECUTADAS POR MÉDICOS E ODONTÓLOGOS'),
(636,264,'ATIVIDADES DE SERVIÇOS DE COMPLEMENTAÇÃO DIAGNÓSTICA E TERAPÊUTICA'),
(637,265,'ATIVIDADES DE PROFISSIONAIS DA ÁREA DE SAÚDE, EXCETO MÉDICOS E ODONTÓLOGOS'),
(638,266,'ATIVIDADES DE APOIO À GESTÃO DE SAÚDE'),
(639,267,'ATIVIDADES DE ATENÇÃO À SAÚDE HUMANA NÃO ESPECIFICADAS ANTERIORMENTE'),
(640,268,'ATIVIDADES DE ASSISTÊNCIA A IDOSOS, DEFICIENTES FÍSICOS, IMUNODEPRIMIDOS E CONVALESCENTES PRESTADAS EM RESIDÊNCIAS COLETIVAS E PARTICULARES');

INSERT INTO public.ibge_cnae_classe (id, grupo_id, nome) VALUES
(641,268,'ATIVIDADES DE FORNECIMENTO DE INFRA-ESTRUTURA DE APOIO E ASSISTÊNCIA A PACIENTE NO DOMICÍLIO'),
(642,269,'ATIVIDADES DE ASSISTÊNCIA PSICOSSOCIAL E À SAÚDE A PORTADORES DE DISTÚRBIOS PSÍQUICOS, DEFICIÊNCIA MENTAL E DEPENDÊNCIA QUÍMICA'),
(643,270,'ATIVIDADES DE ASSISTÊNCIA SOCIAL PRESTADAS EM RESIDÊNCIAS COLETIVAS E PARTICULARES'),
(644,271,'SERVIÇOS DE ASSISTÊNCIA SOCIAL SEM ALOJAMENTO'),
(645,272,'ARTES CÊNICAS, ESPETÁCULOS E ATIVIDADES COMPLEMENTARES'),
(646,272,'CRIAÇÃO ARTÍSTICA'),
(647,272,'GESTÃO DE ESPAÇOS PARA ARTES CÊNICAS, ESPETÁCULOS E OUTRAS ATIVIDADES ARTÍSTICAS'),
(648,273,'GESTÃO DE INSTALAÇÕES DE ESPORTES'),
(649,273,'CLUBES SOCIAIS, ESPORTIVOS E SIMILARES'),
(650,273,'ATIVIDADES DE CONDICIONAMENTO FÍSICO'),
(651,273,'ATIVIDADES ESPORTIVAS NÃO ESPECIFICADAS ANTERIORMENTE'),
(652,274,'PARQUES DE DIVERSÃO E PARQUES TEMÁTICOS'),
(653,274,'ATIVIDADES DE RECREAÇÃO E LAZER NÃO ESPECIFICADAS ANTERIORMENTE'),
(654,275,'ATIVIDADES DE ORGANIZAÇÕES ASSOCIATIVAS PATRONAIS E EMPRESARIAIS'),
(655,275,'ATIVIDADES DE ORGANIZAÇÕES ASSOCIATIVAS PROFISSIONAIS'),
(656,276,'ATIVIDADES DE ORGANIZAÇÕES SINDICAIS'),
(657,277,'ATIVIDADES DE ASSOCIAÇÕES DE DEFESA DE DIREITOS SOCIAIS'),
(658,278,'ATIVIDADES DE ORGANIZAÇÕES RELIGIOSAS'),
(659,278,'ATIVIDADES DE ORGANIZAÇÕES POLÍTICAS'),
(660,278,'ATIVIDADES DE ORGANIZAÇÕES ASSOCIATIVAS LIGADAS À CULTURA E À ARTE'),
(661,278,'ATIVIDADES ASSOCIATIVAS NÃO ESPECIFICADAS ANTERIORMENTE'),
(662,279,'REPARAÇÃO E MANUTENÇÃO DE COMPUTADORES E DE EQUIPAMENTOS PERIFÉRICOS'),
(663,279,'REPARAÇÃO E MANUTENÇÃO DE EQUIPAMENTOS DE COMUNICAÇÃO'),
(664,280,'REPARAÇÃO E MANUTENÇÃO DE EQUIPAMENTOS ELETROELETRÔNICOS DE USO PESSOAL E DOMÉSTICO'),
(665,280,'REPARAÇÃO E MANUTENÇÃO DE OBJETOS E EQUIPAMENTOS PESSOAIS E DOMÉSTICOS NÃO ESPECIFICADOS ANTERIORMENTE'),
(666,281,'LAVANDERIAS, TINTURARIAS E TOALHEIROS'),
(667,281,'CABELEIREIROS E OUTRAS ATIVIDADES DE TRATAMENTO DE BELEZA'),
(668,281,'ATIVIDADES FUNERÁRIAS E SERVIÇOS RELACIONADOS'),
(669,281,'ATIVIDADES DE SERVIÇOS PESSOAIS NÃO ESPECIFICADAS ANTERIORMENTE'),
(670,282,'SERVIÇOS DOMÉSTICOS'),
(671,283,'ORGANISMOS INTERNACIONAIS E OUTRAS INSTITUIÇÕES EXTRATERRITORIAIS');

INSERT INTO public.ibge_cnae_subclasse (classe_id, codigo, nome) VALUES
(1,'0111301','CULTIVO DE ARROZ'),
(1,'0111302','CULTIVO DE MILHO'),
(1,'0111303','CULTIVO DE TRIGO'),
(1,'0111399','CULTIVO DE OUTROS CEREAIS NÃO ESPECIFICADOS ANTERIORMENTE'),
(2,'0112101','CULTIVO DE ALGODÃO HERBÁCEO'),
(2,'0112102','CULTIVO DE JUTA'),
(2,'0112199','CULTIVO DE OUTRAS FIBRAS DE LAVOURA TEMPORÁRIA NÃO ESPECIFICADAS ANTERIORMENTE'),
(3,'0113000','CULTIVO DE CANA DE AÇÚCAR'),
(4,'0114800','CULTIVO DE FUMO'),
(5,'0115600','CULTIVO DE SOJA'),
(6,'0116401','CULTIVO DE AMENDOIM'),
(6,'0116402','CULTIVO DE GIRASSOL'),
(6,'0116403','CULTIVO DE MAMONA'),
(6,'0116499','CULTIVO DE OUTRAS OLEAGINOSAS DE LAVOURA TEMPORÁRIA NÃO ESPECIFICADAS ANTERIORMENTE'),
(7,'0119901','CULTIVO DE ABACAXI'),
(7,'0119902','CULTIVO DE ALHO'),
(7,'0119903','CULTIVO DE BATATA INGLESA'),
(7,'0119904','CULTIVO DE CEBOLA'),
(7,'0119905','CULTIVO DE FEIJÃO'),
(7,'0119906','CULTIVO DE MANDIOCA'),
(7,'0119907','CULTIVO DE MELÃO'),
(7,'0119908','CULTIVO DE MELANCIA'),
(7,'0119909','CULTIVO DE TOMATE RASTEIRO'),
(7,'0119999','CULTIVO DE OUTRAS PLANTAS DE LAVOURA TEMPORÁRIA NÃO ESPECIFICADAS ANTERIORMENTE'),
(8,'0121101','HORTICULTURA, EXCETO MORANGO'),
(8,'0121102','CULTIVO DE MORANGO'),
(9,'0122900','CULTIVO DE FLORES E PLANTAS ORNAMENTAIS'),
(10,'0131800','CULTIVO DE LARANJA'),
(11,'0132600','CULTIVO DE UVA'),
(12,'0133406','CULTIVO DE GUARANÁ'),
(12,'0133403','CULTIVO DE CAJU'),
(12,'0133404','CULTIVO DE CÍTRICOS, EXCETO LARANJA'),
(12,'0133405','CULTIVO DE COCO DA BAÍA'),
(12,'0133401','CULTIVO DE AÇAÍ'),
(12,'0133402','CULTIVO DE BANANA'),
(12,'0133407','CULTIVO DE MAÇÃ'),
(12,'0133408','CULTIVO DE MAMÃO'),
(12,'0133409','CULTIVO DE MARACUJÁ'),
(12,'0133410','CULTIVO DE MANGA'),
(12,'0133411','CULTIVO DE PÊSSEGO');

INSERT INTO public.ibge_cnae_subclasse (classe_id, codigo, nome) VALUES
(12,'0133499','CULTIVO DE FRUTAS DE LAVOURA PERMANENTE NÃO ESPECIFICADAS ANTERIORMENTE'),
(13,'0134200','CULTIVO DE CAFÉ'),
(14,'0135100','CULTIVO DE CACAU'),
(15,'0139301','CULTIVO DE CHÁ DA ÍNDIA'),
(15,'0139302','CULTIVO DE ERVA MATE'),
(15,'0139303','CULTIVO DE PIMENTA DO REINO'),
(15,'0139304','CULTIVO DE PLANTAS PARA CONDIMENTO, EXCETO PIMENTA DO REINO'),
(15,'0139305','CULTIVO DE DENDÊ'),
(15,'0139306','CULTIVO DE SERINGUEIRA'),
(15,'0139399','CULTIVO DE OUTRAS PLANTAS DE LAVOURA PERMANENTE NÃO ESPECIFICADAS ANTERIORMENTE'),
(16,'0141501','PRODUÇÃO DE SEMENTES CERTIFICADAS, EXCETO DE FORRAGEIRAS PARA PASTO'),
(16,'0141502','PRODUÇÃO DE SEMENTES CERTIFICADAS DE FORRAGEIRAS PARA FORMAÇÃO DE PASTO'),
(17,'0142300','PRODUÇÃO DE MUDAS E OUTRAS FORMAS DE PROPAGAÇÃO VEGETAL, CERTIFICADAS'),
(18,'0151203','CRIAÇÃO DE BOVINOS, EXCETO PARA CORTE E LEITE'),
(18,'0151201','CRIAÇÃO DE BOVINOS PARA CORTE'),
(18,'0151202','CRIAÇÃO DE BOVINOS PARA LEITE'),
(19,'0152103','CRIAÇÃO DE ASININOS E MUARES'),
(19,'0152101','CRIAÇÃO DE BUFALINOS'),
(19,'0152102','CRIAÇÃO DE EQUINOS'),
(20,'0153901','CRIAÇÃO DE CAPRINOS'),
(20,'0153902','CRIAÇÃO DE OVINOS, INCLUSIVE PARA PRODUÇÃO DE LÃ'),
(21,'0154700','CRIAÇÃO DE SUÍNOS'),
(22,'0155501','CRIAÇÃO DE FRANGOS PARA CORTE'),
(22,'0155502','PRODUÇÃO DE PINTOS DE UM DIA'),
(22,'0155503','CRIAÇÃO DE OUTROS GALINÁCEOS, EXCETO PARA CORTE'),
(22,'0155504','CRIAÇÃO DE AVES, EXCETO GALINÁCEOS'),
(22,'0155505','PRODUÇÃO DE OVOS'),
(23,'0159801','APICULTURA'),
(23,'0159802','CRIAÇÃO DE ANIMAIS DE ESTIMAÇÃO'),
(23,'0159803','CRIAÇÃO DE ESCARGÔ'),
(23,'0159804','CRIAÇÃO DE BICHO DA SEDA'),
(23,'0159899','CRIAÇÃO DE OUTROS ANIMAIS NÃO ESPECIFICADOS ANTERIORMENTE'),
(24,'0161002','SERVIÇO DE PODA DE ÁRVORES PARA LAVOURAS'),
(24,'0161001','SERVIÇO DE PULVERIZAÇÃO E CONTROLE DE PRAGAS AGRÍCOLAS'),
(24,'0161003','SERVIÇO DE PREPARAÇÃO DE TERRENO, CULTIVO E COLHEITA'),
(24,'0161099','ATIVIDADES DE APOIO À AGRICULTURA NÃO ESPECIFICADAS ANTERIORMENTE'),
(25,'0162801','SERVIÇO DE INSEMINAÇÃO ARTIFICIAL DE ANIMAIS'),
(25,'0162802','SERVIÇO DE TOSQUIAMENTO DE OVINOS'),
(25,'0162803','SERVIÇO DE MANEJO DE ANIMAIS'),
(25,'0162899','ATIVIDADES DE APOIO À PECUÁRIA NÃO ESPECIFICADAS ANTERIORMENTE');

INSERT INTO public.ibge_cnae_subclasse (classe_id, codigo, nome) VALUES
(26,'0163600','ATIVIDADES DE PÓS COLHEITA'),
(27,'0170900','CAÇA E SERVIÇOS RELACIONADOS'),
(28,'0210106','CULTIVO DE MUDAS EM VIVEIROS FLORESTAIS'),
(28,'0210107','EXTRAÇÃO DE MADEIRA EM FLORESTAS PLANTADAS'),
(28,'0210109','PRODUÇÃO DE CASCA DE ACÁCIA NEGRA - FLORESTAS PLANTADAS'),
(28,'0210101','CULTIVO DE EUCALIPTO'),
(28,'0210102','CULTIVO DE ACÁCIA NEGRA'),
(28,'0210103','CULTIVO DE PINUS'),
(28,'0210104','CULTIVO DE TECA'),
(28,'0210105','CULTIVO DE ESPÉCIES MADEIREIRAS, EXCETO EUCALIPTO, ACÁCIA NEGRA, PINUS E TECA'),
(28,'0210108','PRODUÇÃO DE CARVÃO VEGETAL - FLORESTAS PLANTADAS'),
(28,'0210199','PRODUÇÃO DE PRODUTOS NÃO MADEIREIROS NÃO ESPECIFICADOS ANTERIORMENTE EM FLORESTAS PLANTADAS'),
(29,'0220901','EXTRAÇÃO DE MADEIRA EM FLORESTAS NATIVAS'),
(29,'0220902','PRODUÇÃO DE CARVÃO VEGETAL - FLORESTAS NATIVAS'),
(29,'0220903','COLETA DE CASTANHA DO PARÁ EM FLORESTAS NATIVAS'),
(29,'0220904','COLETA DE LÁTEX EM FLORESTAS NATIVAS'),
(29,'0220905','COLETA DE PALMITO EM FLORESTAS NATIVAS'),
(29,'0220906','CONSERVAÇÃO DE FLORESTAS NATIVAS'),
(29,'0220999','COLETA DE PRODUTOS NÃO MADEIREIROS NÃO ESPECIFICADOS ANTERIORMENTE EM FLORESTAS NATIVAS'),
(30,'0230600','ATIVIDADES DE APOIO À PRODUÇÃO FLORESTAL'),
(31,'0311601','PESCA DE PEIXES EM ÁGUA SALGADA'),
(31,'0311602','PESCA DE CRUSTÁCEOS E MOLUSCOS EM ÁGUA SALGADA'),
(31,'0311603','COLETA DE OUTROS PRODUTOS MARINHOS'),
(31,'0311604','ATIVIDADES DE APOIO À PESCA EM ÁGUA SALGADA'),
(32,'0312401','PESCA DE PEIXES EM ÁGUA DOCE'),
(32,'0312402','PESCA DE CRUSTÁCEOS E MOLUSCOS EM ÁGUA DOCE'),
(32,'0312403','COLETA DE OUTROS PRODUTOS AQUÁTICOS DE ÁGUA DOCE'),
(32,'0312404','ATIVIDADES DE APOIO À PESCA EM ÁGUA DOCE'),
(33,'0321301','CRIAÇÃO DE PEIXES EM ÁGUA SALGADA E SALOBRA'),
(33,'0321302','CRIAÇÃO DE CAMARÕES EM ÁGUA SALGADA E SALOBRA'),
(33,'0321303','CRIAÇÃO DE OSTRAS E MEXILHÕES EM ÁGUA SALGADA E SALOBRA'),
(33,'0321304','CRIAÇÃO DE PEIXES ORNAMENTAIS EM ÁGUA SALGADA E SALOBRA'),
(33,'0321305','ATIVIDADES DE APOIO À AQUICULTURA EM ÁGUA SALGADA E SALOBRA'),
(33,'0321399','CULTIVOS E SEMICULTIVOS DA AQUICULTURA EM ÁGUA SALGADA E SALOBRA NÃO ESPECIFICADOS ANTERIORMENTE'),
(34,'0322101','CRIAÇÃO DE PEIXES EM ÁGUA DOCE'),
(34,'0322102','CRIAÇÃO DE CAMARÕES EM ÁGUA DOCE'),
(34,'0322103','CRIAÇÃO DE OSTRAS E MEXILHÕES EM ÁGUA DOCE'),
(34,'0322104','CRIAÇÃO DE PEIXES ORNAMENTAIS EM ÁGUA DOCE'),
(34,'0322105','RANICULTURA'),
(34,'0322106','CRIAÇÃO DE JACARÉ');

INSERT INTO public.ibge_cnae_subclasse (classe_id, codigo, nome) VALUES
(34,'0322107','ATIVIDADES DE APOIO À AQUICULTURA EM ÁGUA DOCE'),
(34,'0322199','CULTIVOS E SEMICULTIVOS DA AQUICULTURA EM ÁGUA DOCE NÃO ESPECIFICADOS ANTERIORMENTE'),
(35,'0500301','EXTRAÇÃO DE CARVÃO MINERAL'),
(35,'0500302','BENEFICIAMENTO DE CARVÃO MINERAL'),
(36,'0600001','EXTRAÇÃO DE PETRÓLEO E GÁS NATURAL'),
(36,'0600002','EXTRAÇÃO E BENEFICIAMENTO DE XISTO'),
(36,'0600003','EXTRAÇÃO E BENEFICIAMENTO DE AREIAS BETUMINOSAS'),
(37,'0710301','EXTRAÇÃO DE MINÉRIO DE FERRO'),
(37,'0710302','PELOTIZAÇÃO, SINTERIZAÇÃO E OUTROS BENEFICIAMENTOS DE MINÉRIO DE FERRO'),
(38,'0724301','EXTRAÇÃO DE MINÉRIO DE METAIS PRECIOSOS'),
(38,'0724302','BENEFICIAMENTO DE MINÉRIO DE METAIS PRECIOSOS'),
(39,'0721901','EXTRAÇÃO DE MINÉRIO DE ALUMÍNIO'),
(39,'0721902','BENEFICIAMENTO DE MINÉRIO DE ALUMÍNIO'),
(40,'0722701','EXTRAÇÃO DE MINÉRIO DE ESTANHO'),
(40,'0722702','BENEFICIAMENTO DE MINÉRIO DE ESTANHO'),
(41,'0723501','EXTRAÇÃO DE MINÉRIO DE MANGANÊS'),
(41,'0723502','BENEFICIAMENTO DE MINÉRIO DE MANGANÊS'),
(42,'0725100','EXTRAÇÃO DE MINERAIS RADIOATIVOS'),
(43,'0729401','EXTRAÇÃO DE MINÉRIOS DE NIÓBIO E TITÂNIO'),
(43,'0729402','EXTRAÇÃO DE MINÉRIO DE TUNGSTÊNIO'),
(43,'0729403','EXTRAÇÃO DE MINÉRIO DE NÍQUEL'),
(43,'0729404','EXTRAÇÃO DE MINÉRIOS DE COBRE, CHUMBO, ZINCO E OUTROS MINERAIS METÁLICOS NÃO FERROSOS NÃO ESPECIFICADOS ANTERIORMENTE'),
(43,'0729405','BENEFICIAMENTO DE MINÉRIOS DE COBRE, CHUMBO, ZINCO E OUTROS MINERAIS METÁLICOS NÃO FERROSOS NÃO ESPECIFICADOS ANTERIORMENTE'),
(44,'0810001','EXTRAÇÃO DE ARDÓSIA E BENEFICIAMENTO ASSOCIADO'),
(44,'0810002','EXTRAÇÃO DE GRANITO E BENEFICIAMENTO ASSOCIADO'),
(44,'0810003','EXTRAÇÃO DE MÁRMORE E BENEFICIAMENTO ASSOCIADO'),
(44,'0810004','EXTRAÇÃO DE CALCÁRIO E DOLOMITA E BENEFICIAMENTO ASSOCIADO'),
(44,'0810005','EXTRAÇÃO DE GESSO E CAULIM'),
(44,'0810006','EXTRAÇÃO DE AREIA, CASCALHO OU PEDREGULHO E BENEFICIAMENTO ASSOCIADO'),
(44,'0810007','EXTRAÇÃO DE ARGILA E BENEFICIAMENTO ASSOCIADO'),
(44,'0810008','EXTRAÇÃO DE SAIBRO E BENEFICIAMENTO ASSOCIADO'),
(44,'0810009','EXTRAÇÃO DE BASALTO E BENEFICIAMENTO ASSOCIADO'),
(44,'0810010','BENEFICIAMENTO DE GESSO E CAULIM ASSOCIADO À EXTRAÇÃO'),
(44,'0810099','EXTRAÇÃO E BRITAMENTO DE PEDRAS E OUTROS MATERIAIS PARA CONSTRUÇÃO E BENEFICIAMENTO ASSOCIADO'),
(45,'0891600','EXTRAÇÃO DE MINERAIS PARA FABRICAÇÃO DE ADUBOS, FERTILIZANTES E OUTROS PRODUTOS QUÍMICOS'),
(46,'0892401','EXTRAÇÃO DE SAL MARINHO'),
(46,'0892402','EXTRAÇÃO DE SAL GEMA'),
(46,'0892403','REFINO E OUTROS TRATAMENTOS DO SAL'),
(47,'0893200','EXTRAÇÃO DE GEMAS (PEDRAS PRECIOSAS E SEMIPRECIOSAS)'),
(48,'0899101','EXTRAÇÃO DE GRAFITA');

INSERT INTO public.ibge_cnae_subclasse (classe_id, codigo, nome) VALUES
(48,'0899102','EXTRAÇÃO DE QUARTZO'),
(48,'0899103','EXTRAÇÃO DE AMIANTO'),
(48,'0899199','EXTRAÇÃO DE OUTROS MINERAIS NÃO METÁLICOS NÃO ESPECIFICADOS ANTERIORMENTE'),
(49,'0910600','ATIVIDADES DE APOIO À EXTRAÇÃO DE PETRÓLEO E GÁS NATURAL'),
(50,'0990401','ATIVIDADES DE APOIO À EXTRAÇÃO DE MINÉRIO DE FERRO'),
(50,'0990402','ATIVIDADES DE APOIO À EXTRAÇÃO DE MINERAIS METÁLICOS NÃO FERROSOS'),
(50,'0990403','ATIVIDADES DE APOIO À EXTRAÇÃO DE MINERAIS NÃO METÁLICOS'),
(51,'1011201','FRIGORÍFICO - ABATE DE BOVINOS'),
(51,'1011202','FRIGORÍFICO - ABATE DE EQUINOS'),
(51,'1011203','FRIGORÍFICO - ABATE DE OVINOS E CAPRINOS'),
(51,'1011204','FRIGORÍFICO - ABATE DE BUFALINOS'),
(51,'1011205','MATADOURO - ABATE DE RESES SOB CONTRATO - EXCETO ABATE DE SUÍNOS'),
(52,'1012102','ABATE DE PEQUENOS ANIMAIS'),
(52,'1012101','ABATE DE AVES'),
(52,'1012103','FRIGORÍFICO - ABATE DE SUÍNOS'),
(52,'1012104','MATADOURO - ABATE DE SUÍNOS SOB CONTRATO'),
(53,'1013901','FABRICAÇÃO DE PRODUTOS DE CARNE'),
(53,'1013902','PREPARAÇÃO DE SUBPRODUTOS DO ABATE'),
(54,'1020101','PRESERVAÇÃO DE PEIXES, CRUSTÁCEOS E MOLUSCOS'),
(54,'1020102','FABRICAÇÃO DE CONSERVAS DE PEIXES, CRUSTÁCEOS E MOLUSCOS'),
(55,'1031700','FABRICAÇÃO DE CONSERVAS DE FRUTAS'),
(56,'1032501','FABRICAÇÃO DE CONSERVAS DE PALMITO'),
(56,'1032599','FABRICAÇÃO DE CONSERVAS DE LEGUMES E OUTROS VEGETAIS, EXCETO PALMITO'),
(57,'1033301','FABRICAÇÃO DE SUCOS CONCENTRADOS DE FRUTAS, HORTALIÇAS E LEGUMES'),
(57,'1033302','FABRICAÇÃO DE SUCOS DE FRUTAS, HORTALIÇAS E LEGUMES, EXCETO CONCENTRADOS'),
(58,'1041400','FABRICAÇÃO DE ÓLEOS VEGETAIS EM BRUTO, EXCETO ÓLEO DE MILHO'),
(59,'1042200','FABRICAÇÃO DE ÓLEOS VEGETAIS REFINADOS, EXCETO ÓLEO DE MILHO'),
(60,'1043100','FABRICAÇÃO DE MARGARINA E OUTRAS GORDURAS VEGETAIS E DE ÓLEOS NÃO COMESTÍVEIS DE ANIMAIS'),
(61,'1053800','FABRICAÇÃO DE SORVETES E OUTROS GELADOS COMESTÍVEIS'),
(62,'1051100','PREPARAÇÃO DO LEITE'),
(63,'1052000','FABRICAÇÃO DE LATICÍNIOS'),
(64,'1061901','BENEFICIAMENTO DE ARROZ'),
(64,'1061902','FABRICAÇÃO DE PRODUTOS DO ARROZ'),
(65,'1062700','MOAGEM DE TRIGO E FABRICAÇÃO DE DERIVADOS'),
(66,'1063500','FABRICAÇÃO DE FARINHA DE MANDIOCA E DERIVADOS'),
(67,'1064300','FABRICAÇÃO DE FARINHA DE MILHO E DERIVADOS, EXCETO ÓLEOS DE MILHO'),
(68,'1065101','FABRICAÇÃO DE AMIDOS E FÉCULAS DE VEGETAIS'),
(68,'1065102','FABRICAÇÃO DE ÓLEO DE MILHO EM BRUTO'),
(68,'1065103','FABRICAÇÃO DE ÓLEO DE MILHO REFINADO'),
(69,'1066000','FABRICAÇÃO DE ALIMENTOS PARA ANIMAIS');

INSERT INTO public.ibge_cnae_subclasse (classe_id, codigo, nome) VALUES
(70,'1069400','MOAGEM E FABRICAÇÃO DE PRODUTOS DE ORIGEM VEGETAL NÃO ESPECIFICADOS ANTERIORMENTE'),
(71,'1071600','FABRICAÇÃO DE AÇÚCAR EM BRUTO'),
(72,'1072401','FABRICAÇÃO DE AÇÚCAR DE CANA REFINADO'),
(72,'1072402','FABRICAÇÃO DE AÇÚCAR DE CEREAIS (DEXTROSE) E DE BETERRABA'),
(73,'1081301','BENEFICIAMENTO DE CAFÉ'),
(73,'1081302','TORREFAÇÃO E MOAGEM DE CAFÉ'),
(74,'1082100','FABRICAÇÃO DE PRODUTOS À BASE DE CAFÉ'),
(75,'1091101','FABRICAÇÃO DE PRODUTOS DE PANIFICAÇÃO INDUSTRIAL'),
(75,'1091102','FABRICAÇÃO DE PRODUTOS DE PADARIA E CONFEITARIA COM PREDOMINÂNCIA  DE PRODUÇÃO PRÓPRIA'),
(76,'1092900','FABRICAÇÃO DE BISCOITOS E BOLACHAS'),
(77,'1093701','FABRICAÇÃO DE PRODUTOS DERIVADOS DO CACAU E DE CHOCOLATES'),
(77,'1093702','FABRICAÇÃO DE FRUTAS CRISTALIZADAS, BALAS E SEMELHANTES'),
(78,'1094500','FABRICAÇÃO DE MASSAS ALIMENTÍCIAS'),
(79,'1095300','FABRICAÇÃO DE ESPECIARIAS, MOLHOS, TEMPEROS E CONDIMENTOS'),
(80,'1096100','FABRICAÇÃO DE ALIMENTOS E PRATOS PRONTOS'),
(81,'1099601','FABRICAÇÃO DE VINAGRES'),
(81,'1099602','FABRICAÇÃO DE PÓS ALIMENTÍCIOS'),
(81,'1099603','FABRICAÇÃO DE FERMENTOS E LEVEDURAS'),
(81,'1099604','FABRICAÇÃO DE GELO COMUM'),
(81,'1099605','FABRICAÇÃO DE PRODUTOS PARA INFUSÃO (CHÁ, MATE, ETC.)'),
(81,'1099606','FABRICAÇÃO DE ADOÇANTES NATURAIS E ARTIFICIAIS'),
(81,'1099607','FABRICAÇÃO DE ALIMENTOS DIETÉTICOS E COMPLEMENTOS ALIMENTARES'),
(81,'1099699','FABRICAÇÃO DE OUTROS PRODUTOS ALIMENTÍCIOS NÃO ESPECIFICADOS ANTERIORMENTE'),
(82,'1111901','FABRICAÇÃO DE AGUARDENTE DE CANA DE AÇÚCAR'),
(82,'1111902','FABRICAÇÃO DE OUTRAS AGUARDENTES E BEBIDAS DESTILADAS'),
(83,'1112700','FABRICAÇÃO DE VINHO'),
(84,'1113501','FABRICAÇÃO DE MALTE, INCLUSIVE MALTE UÍSQUE'),
(84,'1113502','FABRICAÇÃO DE CERVEJAS E CHOPES'),
(85,'1121600','FABRICAÇÃO DE ÁGUAS ENVASADAS'),
(86,'1122401','FABRICAÇÃO DE REFRIGERANTES'),
(86,'1122402','FABRICAÇÃO DE CHÁ MATE E OUTROS CHÁS PRONTOS PARA CONSUMO'),
(86,'1122403','FABRICAÇÃO DE REFRESCOS, XAROPES E PÓS PARA REFRESCOS, EXCETO REFRESCOS DE FRUTAS'),
(86,'1122404','FABRICAÇÃO DE BEBIDAS ISOTÔNICAS'),
(86,'1122499','FABRICAÇÃO DE OUTRAS BEBIDAS NÃO ALCOÓLICAS NÃO ESPECIFICADAS ANTERIORMENTE'),
(87,'1210700','PROCESSAMENTO INDUSTRIAL DO FUMO'),
(88,'1220401','FABRICAÇÃO DE CIGARROS'),
(88,'1220402','FABRICAÇÃO DE CIGARRILHAS E CHARUTOS'),
(88,'1220403','FABRICAÇÃO DE FILTROS PARA CIGARROS'),
(88,'1220499','FABRICAÇÃO DE OUTROS PRODUTOS DO FUMO, EXCETO CIGARROS, CIGARRILHAS E CHARUTOS'),
(89,'1311100','PREPARAÇÃO E FIAÇÃO DE FIBRAS DE ALGODÃO');

INSERT INTO public.ibge_cnae_subclasse (classe_id, codigo, nome) VALUES
(90,'1312000','PREPARAÇÃO E FIAÇÃO DE FIBRAS TÊXTEIS NATURAIS, EXCETO ALGODÃO'),
(91,'1313800','FIAÇÃO DE FIBRAS ARTIFICIAIS E SINTÉTICAS'),
(92,'1314600','FABRICAÇÃO DE LINHAS PARA COSTURAR E BORDAR'),
(93,'1321900','TECELAGEM DE FIOS DE ALGODÃO'),
(94,'1322700','TECELAGEM DE FIOS DE FIBRAS TÊXTEIS NATURAIS, EXCETO ALGODÃO'),
(95,'1323500','TECELAGEM DE FIOS DE FIBRAS ARTIFICIAIS E SINTÉTICAS'),
(96,'1330800','FABRICAÇÃO DE TECIDOS DE MALHA'),
(97,'1340501','ESTAMPARIA E TEXTURIZAÇÃO EM FIOS, TECIDOS, ARTEFATOS TÊXTEIS E PEÇAS DO VESTUÁRIO'),
(97,'1340502','ALVEJAMENTO, TINGIMENTO E TORÇÃO EM FIOS, TECIDOS, ARTEFATOS TÊXTEIS E PEÇAS DO VESTUÁRIO'),
(97,'1340599','OUTROS SERVIÇOS DE ACABAMENTO EM FIOS, TECIDOS, ARTEFATOS TÊXTEIS E PEÇAS DO VESTUÁRIO'),
(98,'1351100','FABRICAÇÃO DE ARTEFATOS TÊXTEIS PARA USO DOMÉSTICO'),
(99,'1352900','FABRICAÇÃO DE ARTEFATOS DE TAPEÇARIA'),
(100,'1353700','FABRICAÇÃO DE ARTEFATOS DE CORDOARIA'),
(101,'1354500','FABRICAÇÃO DE TECIDOS ESPECIAIS, INCLUSIVE ARTEFATOS'),
(102,'1359600','FABRICAÇÃO DE OUTROS PRODUTOS TÊXTEIS NÃO ESPECIFICADOS ANTERIORMENTE'),
(103,'1411801','CONFECÇÃO DE ROUPAS ÍNTIMAS'),
(103,'1411802','FACÇÃO DE ROUPAS ÍNTIMAS'),
(104,'1412601','CONFECÇÃO DE PEÇAS DE VESTUÁRIO, EXCETO ROUPAS ÍNTIMAS E AS CONFECCIONADAS SOB MEDIDA'),
(104,'1412602','CONFECÇÃO, SOB MEDIDA, DE PEÇAS DO VESTUÁRIO, EXCETO ROUPAS ÍNTIMAS'),
(104,'1412603','FACÇÃO DE PEÇAS DO VESTUÁRIO, EXCETO ROUPAS ÍNTIMAS'),
(105,'1413401','CONFECÇÃO DE ROUPAS PROFISSIONAIS, EXCETO SOB MEDIDA'),
(105,'1413402','CONFECÇÃO, SOB MEDIDA, DE ROUPAS PROFISSIONAIS'),
(105,'1413403','FACÇÃO DE ROUPAS PROFISSIONAIS'),
(106,'1414200','FABRICAÇÃO DE ACESSÓRIOS DO VESTUÁRIO, EXCETO PARA SEGURANÇA E PROTEÇÃO'),
(107,'1421500','FABRICAÇÃO DE MEIAS'),
(108,'1422300','FABRICAÇÃO DE ARTIGOS DO VESTUÁRIO, PRODUZIDOS EM MALHARIAS E TRICOTAGENS, EXCETO MEIAS'),
(109,'1510600','CURTIMENTO E OUTRAS PREPARAÇÕES DE COURO'),
(110,'1521100','FABRICAÇÃO DE ARTIGOS PARA VIAGEM, BOLSAS E SEMELHANTES DE QUALQUER MATERIAL'),
(111,'1529700','FABRICAÇÃO DE ARTEFATOS DE COURO NÃO ESPECIFICADOS ANTERIORMENTE'),
(112,'1533500','FABRICAÇÃO DE CALÇADOS DE MATERIAL SINTÉTICO'),
(113,'1531901','FABRICAÇÃO DE CALÇADOS DE COURO'),
(113,'1531902','ACABAMENTO DE CALÇADOS DE COURO SOB CONTRATO'),
(114,'1532700','FABRICAÇÃO DE TÊNIS DE QUALQUER MATERIAL'),
(115,'1539400','FABRICAÇÃO DE CALÇADOS DE MATERIAIS NÃO ESPECIFICADOS ANTERIORMENTE'),
(116,'1540800','FABRICAÇÃO DE PARTES PARA CALÇADOS, DE QUALQUER MATERIAL'),
(117,'1610204','SERRARIAS SEM DESDOBRAMENTO DE MADEIRA EM BRUTO - RESSERRAGEM'),
(117,'1610203','SERRARIAS COM DESDOBRAMENTO DE MADEIRA EM BRUTO'),
(117,'1610205','SERVIÇO DE TRATAMENTO DE MADEIRA REALIZADO SOB CONTRATO'),
(118,'1621800','FABRICAÇÃO DE MADEIRA LAMINADA E DE CHAPAS DE MADEIRA COMPENSADA, PRENSADA E AGLOMERADA'),
(119,'1622699','FABRICAÇÃO DE OUTROS ARTIGOS DE CARPINTARIA PARA CONSTRUÇÃO');

INSERT INTO public.ibge_cnae_subclasse (classe_id, codigo, nome) VALUES
(119,'1622601','FABRICAÇÃO DE CASAS DE MADEIRA PRÉ FABRICADAS'),
(119,'1622602','FABRICAÇÃO DE ESQUADRIAS DE MADEIRA E DE PEÇAS DE MADEIRA PARA INSTALAÇÕES INDUSTRIAIS E COMERCIAIS'),
(120,'1623400','FABRICAÇÃO DE ARTEFATOS DE TANOARIA E DE EMBALAGENS DE MADEIRA'),
(121,'1629301','FABRICAÇÃO DE ARTEFATOS DIVERSOS DE MADEIRA, EXCETO MÓVEIS'),
(121,'1629302','FABRICAÇÃO DE ARTEFATOS DIVERSOS DE CORTIÇA, BAMBU, PALHA, VIME E OUTROS MATERIAIS TRANÇADOS, EXCETO MÓVEIS'),
(122,'1710900','FABRICAÇÃO DE CELULOSE E OUTRAS PASTAS PARA A FABRICAÇÃO DE PAPEL'),
(123,'1721400','FABRICAÇÃO DE PAPEL'),
(124,'1722200','FABRICAÇÃO DE CARTOLINA E PAPEL CARTÃO'),
(125,'1731100','FABRICAÇÃO DE EMBALAGENS DE PAPEL'),
(126,'1732000','FABRICAÇÃO DE EMBALAGENS DE CARTOLINA E PAPEL CARTÃO'),
(127,'1733800','FABRICAÇÃO DE CHAPAS E DE EMBALAGENS DE PAPELÃO ONDULADO'),
(128,'1741901','FABRICAÇÃO DE FORMULÁRIOS CONTÍNUOS'),
(128,'1741902','FABRICAÇÃO DE PRODUTOS DE PAPEL, CARTOLINA, PAPEL CARTÃO E PAPELÃO ONDULADO PARA USO INDUSTRIAL, COMERCIAL E DE ESCRITÓRIO'),
(129,'1742701','FABRICAÇÃO DE FRALDAS DESCARTÁVEIS'),
(129,'1742702','FABRICAÇÃO DE ABSORVENTES HIGIÊNICOS'),
(129,'1742799','FABRICAÇÃO DE PRODUTOS DE PAPEL PARA USO DOMÉSTICO E HIGIÊNICO SANITÁRIO NÃO ESPECIFICADOS ANTERIORMENTE'),
(130,'1749400','FABRICAÇÃO DE PRODUTOS DE PASTAS CELULÓSICAS, PAPEL, CARTOLINA, PAPEL CARTÃO E PAPELÃO ONDULADO NÃO ESPECIFICADOS ANTERIORMENTE'),
(131,'1811301','IMPRESSÃO DE JORNAIS'),
(131,'1811302','IMPRESSÃO DE LIVROS, REVISTAS E OUTRAS PUBLICAÇÕES PERIÓDICAS'),
(132,'1812100','IMPRESSÃO DE MATERIAL DE SEGURANÇA'),
(133,'1813001','IMPRESSÃO DE MATERIAL PARA USO PUBLICITÁRIO'),
(133,'1813099','IMPRESSÃO DE MATERIAL PARA OUTROS USOS'),
(134,'1821100','SERVIÇOS DE PRÉ IMPRESSÃO'),
(135,'1822901','SERVIÇOS DE ENCADERNAÇÃO E PLASTIFICAÇÃO'),
(135,'1822999','SERVIÇOS DE ACABAMENTOS GRÁFICOS, EXCETO ENCADERNAÇÃO E PLASTIFICAÇÃO'),
(136,'1830001','REPRODUÇÃO DE SOM EM QUALQUER SUPORTE'),
(136,'1830002','REPRODUÇÃO DE VÍDEO EM QUALQUER SUPORTE'),
(136,'1830003','REPRODUÇÃO DE SOFTWARE EM QUALQUER SUPORTE'),
(137,'1910100','COQUERIAS'),
(138,'1921700','FABRICAÇÃO DE PRODUTOS DO REFINO DE PETRÓLEO'),
(139,'1922599','FABRICAÇÃO DE OUTROS PRODUTOS DERIVADOS DO PETRÓLEO, EXCETO PRODUTOS DO REFINO'),
(139,'1922501','FORMULAÇÃO DE COMBUSTÍVEIS'),
(139,'1922502','RERREFINO DE ÓLEOS LUBRIFICANTES'),
(140,'1931400','FABRICAÇÃO DE ÁLCOOL'),
(141,'1932200','FABRICAÇÃO DE BIOCOMBUSTÍVEIS, EXCETO ÁLCOOL'),
(142,'2910701','FABRICAÇÃO DE AUTOMÓVEIS, CAMIONETAS E UTILITÁRIOS'),
(142,'2910702','FABRICAÇÃO DE CHASSIS COM MOTOR PARA AUTOMÓVEIS, CAMIONETAS E UTILITÁRIOS'),
(142,'2910703','FABRICAÇÃO DE MOTORES PARA AUTOMÓVEIS, CAMIONETAS E UTILITÁRIOS'),
(143,'2920401','FABRICAÇÃO DE CAMINHÕES E ÔNIBUS'),
(143,'2920402','FABRICAÇÃO DE MOTORES PARA CAMINHÕES E ÔNIBUS');

INSERT INTO public.ibge_cnae_subclasse (classe_id, codigo, nome) VALUES
(144,'2930101','FABRICAÇÃO DE CABINES, CARROCERIAS E REBOQUES PARA CAMINHÕES'),
(144,'2930102','FABRICAÇÃO DE CARROCERIAS PARA ÔNIBUS'),
(144,'2930103','FABRICAÇÃO DE CABINES, CARROCERIAS E REBOQUES PARA OUTROS VEÍCULOS AUTOMOTORES, EXCETO CAMINHÕES E ÔNIBUS'),
(145,'2941700','FABRICAÇÃO DE PEÇAS E ACESSÓRIOS PARA O SISTEMA MOTOR DE VEÍCULOS AUTOMOTORES'),
(146,'2942500','FABRICAÇÃO DE PEÇAS E ACESSÓRIOS PARA OS SISTEMAS DE MARCHA E TRANSMISSÃO DE VEÍCULOS AUTOMOTORES'),
(147,'2943300','FABRICAÇÃO DE PEÇAS E ACESSÓRIOS PARA O SISTEMA DE FREIOS DE VEÍCULOS AUTOMOTORES'),
(148,'2944100','FABRICAÇÃO DE PEÇAS E ACESSÓRIOS PARA O SISTEMA DE DIREÇÃO E SUSPENSÃO DE VEÍCULOS AUTOMOTORES'),
(149,'2945000','FABRICAÇÃO DE MATERIAL ELÉTRICO E ELETRÔNICO PARA VEÍCULOS AUTOMOTORES, EXCETO BATERIAS'),
(150,'2949201','FABRICAÇÃO DE BANCOS E ESTOFADOS PARA VEÍCULOS AUTOMOTORES'),
(150,'2949299','FABRICAÇÃO DE OUTRAS PEÇAS E ACESSÓRIOS PARA VEÍCULOS AUTOMOTORES NÃO ESPECIFICADAS ANTERIORMENTE'),
(151,'2950600','RECONDICIONAMENTO E RECUPERAÇÃO DE MOTORES PARA VEÍCULOS AUTOMOTORES'),
(152,'2011800','FABRICAÇÃO DE CLORO E ÁLCALIS'),
(153,'2012600','FABRICAÇÃO DE INTERMEDIÁRIOS PARA FERTILIZANTES'),
(154,'2013401','FABRICAÇÃO DE ADUBOS E FERTILIZANTES ORGANOMINERAIS'),
(154,'2013402','FABRICAÇÃO DE ADUBOS E FERTILIZANTES, EXCETO ORGANOMINERAIS'),
(155,'2014200','FABRICAÇÃO DE GASES INDUSTRIAIS'),
(156,'2019301','ELABORAÇÃO DE COMBUSTÍVEIS NUCLEARES'),
(156,'2019399','FABRICAÇÃO DE OUTROS PRODUTOS QUÍMICOS INORGÂNICOS NÃO ESPECIFICADOS ANTERIORMENTE'),
(157,'2021500','FABRICAÇÃO DE PRODUTOS PETROQUÍMICOS BÁSICOS'),
(158,'2022300','FABRICAÇÃO DE INTERMEDIÁRIOS PARA PLASTIFICANTES, RESINAS E FIBRAS'),
(159,'2029100','FABRICAÇÃO DE PRODUTOS QUÍMICOS ORGÂNICOS NÃO ESPECIFICADOS ANTERIORMENTE'),
(160,'2033900','FABRICAÇÃO DE ELASTÔMEROS'),
(161,'2031200','FABRICAÇÃO DE RESINAS TERMOPLÁSTICAS'),
(162,'2032100','FABRICAÇÃO DE RESINAS TERMOFIXAS'),
(163,'2040100','FABRICAÇÃO DE FIBRAS ARTIFICIAIS E SINTÉTICAS'),
(164,'2051700','FABRICAÇÃO DE DEFENSIVOS AGRÍCOLAS'),
(165,'2052500','FABRICAÇÃO DE DESINFESTANTES DOMISSANITÁRIOS'),
(166,'2061400','FABRICAÇÃO DE SABÕES E DETERGENTES SINTÉTICOS'),
(167,'2062200','FABRICAÇÃO DE PRODUTOS DE LIMPEZA E POLIMENTO'),
(168,'2063100','FABRICAÇÃO DE COSMÉTICOS, PRODUTOS DE PERFUMARIA E DE HIGIENE PESSOAL'),
(169,'2071100','FABRICAÇÃO DE TINTAS, VERNIZES, ESMALTES E LACAS'),
(170,'2072000','FABRICAÇÃO DE TINTAS DE IMPRESSÃO'),
(171,'2073800','FABRICAÇÃO DE IMPERMEABILIZANTES, SOLVENTES E PRODUTOS AFINS'),
(172,'2091600','FABRICAÇÃO DE ADESIVOS E SELANTES'),
(173,'2092401','FABRICAÇÃO DE PÓLVORAS, EXPLOSIVOS E DETONANTES'),
(173,'2092402','FABRICAÇÃO DE ARTIGOS PIROTÉCNICOS'),
(173,'2092403','FABRICAÇÃO DE FÓSFOROS DE SEGURANÇA'),
(174,'2093200','FABRICAÇÃO DE ADITIVOS DE USO INDUSTRIAL'),
(175,'2094100','FABRICAÇÃO DE CATALISADORES'),
(176,'2099101','FABRICAÇÃO DE CHAPAS, FILMES, PAPÉIS E OUTROS MATERIAIS E PRODUTOS QUÍMICOS PARA FOTOGRAFIA');

INSERT INTO public.ibge_cnae_subclasse (classe_id, codigo, nome) VALUES
(176,'2099199','FABRICAÇÃO DE OUTROS PRODUTOS QUÍMICOS NÃO ESPECIFICADOS ANTERIORMENTE'),
(177,'2110600','FABRICAÇÃO DE PRODUTOS FARMOQUÍMICOS'),
(178,'2121101','FABRICAÇÃO DE MEDICAMENTOS ALOPÁTICOS PARA USO HUMANO'),
(178,'2121102','FABRICAÇÃO DE MEDICAMENTOS HOMEOPÁTICOS PARA USO HUMANO'),
(178,'2121103','FABRICAÇÃO DE MEDICAMENTOS FITOTERÁPICOS PARA USO HUMANO'),
(179,'2122000','FABRICAÇÃO DE MEDICAMENTOS PARA USO VETERINÁRIO'),
(180,'2123800','FABRICAÇÃO DE PREPARAÇÕES FARMACÊUTICAS'),
(181,'2211100','FABRICAÇÃO DE PNEUMÁTICOS E DE CÂMARAS DE AR'),
(182,'2212900','REFORMA DE PNEUMÁTICOS USADOS'),
(183,'2219600','FABRICAÇÃO DE ARTEFATOS DE BORRACHA NÃO ESPECIFICADOS ANTERIORMENTE'),
(184,'2221800','FABRICAÇÃO DE LAMINADOS PLANOS E TUBULARES DE MATERIAL PLÁSTICO'),
(185,'2222600','FABRICAÇÃO DE EMBALAGENS DE MATERIAL PLÁSTICO'),
(186,'2223400','FABRICAÇÃO DE TUBOS E ACESSÓRIOS DE MATERIAL PLÁSTICO PARA USO NA CONSTRUÇÃO'),
(187,'2229301','FABRICAÇÃO DE ARTEFATOS DE MATERIAL PLÁSTICO PARA USO PESSOAL E DOMÉSTICO'),
(187,'2229302','FABRICAÇÃO DE ARTEFATOS DE MATERIAL PLÁSTICO PARA USOS INDUSTRIAIS'),
(187,'2229303','FABRICAÇÃO DE ARTEFATOS DE MATERIAL PLÁSTICO PARA USO NA CONSTRUÇÃO, EXCETO TUBOS E ACESSÓRIOS'),
(187,'2229399','FABRICAÇÃO DE ARTEFATOS DE MATERIAL PLÁSTICO PARA OUTROS USOS NÃO ESPECIFICADOS ANTERIORMENTE'),
(188,'2312500','FABRICAÇÃO DE EMBALAGENS DE VIDRO'),
(189,'2311700','FABRICAÇÃO DE VIDRO PLANO E DE SEGURANÇA'),
(190,'2319200','FABRICAÇÃO DE ARTIGOS DE VIDRO'),
(191,'2320600','FABRICAÇÃO DE CIMENTO'),
(192,'2330301','FABRICAÇÃO DE ESTRUTURAS PRÉ MOLDADAS DE CONCRETO ARMADO, EM SÉRIE E SOB ENCOMENDA'),
(192,'2330302','FABRICAÇÃO DE ARTEFATOS DE CIMENTO PARA USO NA CONSTRUÇÃO'),
(192,'2330303','FABRICAÇÃO DE ARTEFATOS DE FIBROCIMENTO PARA USO NA CONSTRUÇÃO'),
(192,'2330304','FABRICAÇÃO DE CASAS PRÉ MOLDADAS DE CONCRETO'),
(192,'2330305','PREPARAÇÃO DE MASSA DE CONCRETO E ARGAMASSA PARA CONSTRUÇÃO'),
(192,'2330399','FABRICAÇÃO DE OUTROS ARTEFATOS E PRODUTOS DE CONCRETO, CIMENTO, FIBROCIMENTO, GESSO E MATERIAIS SEMELHANTES'),
(193,'2341900','FABRICAÇÃO DE PRODUTOS CERÂMICOS REFRATÁRIOS'),
(194,'2342701','FABRICAÇÃO DE AZULEJOS E PISOS'),
(194,'2342702','FABRICAÇÃO DE ARTEFATOS DE CERÂMICA E BARRO COZIDO PARA USO NA CONSTRUÇÃO, EXCETO AZULEJOS E PISOS'),
(195,'2349401','FABRICAÇÃO DE MATERIAL SANITÁRIO DE CERÂMICA'),
(195,'2349499','FABRICAÇÃO DE PRODUTOS CERÂMICOS NÃO REFRATÁRIOS NÃO ESPECIFICADOS ANTERIORMENTE'),
(196,'2391501','BRITAMENTO DE PEDRAS, EXCETO ASSOCIADO À EXTRAÇÃO'),
(196,'2391502','APARELHAMENTO DE PEDRAS PARA CONSTRUÇÃO, EXCETO ASSOCIADO À EXTRAÇÃO'),
(196,'2391503','APARELHAMENTO DE PLACAS E EXECUÇÃO DE TRABALHOS EM MÁRMORE, GRANITO, ARDÓSIA E OUTRAS PEDRAS'),
(197,'2392300','FABRICAÇÃO DE CAL E GESSO'),
(198,'2399101','DECORAÇÃO, LAPIDAÇÃO, GRAVAÇÃO, VITRIFICAÇÃO E OUTROS TRABALHOS EM CERÂMICA, LOUÇA, VIDRO E CRISTAL'),
(198,'2399102','FABRICAÇÃO DE ABRASIVOS'),
(198,'2399199','FABRICAÇÃO DE OUTROS PRODUTOS DE MINERAIS NÃO METÁLICOS NÃO ESPECIFICADOS ANTERIORMENTE'),
(199,'2411300','PRODUÇÃO DE FERRO GUSA');

INSERT INTO public.ibge_cnae_subclasse (classe_id, codigo, nome) VALUES
(200,'2412100','PRODUÇÃO DE FERROLIGAS'),
(201,'2421100','PRODUÇÃO DE SEMI ACABADOS DE AÇO'),
(202,'2422901','PRODUÇÃO DE LAMINADOS PLANOS DE AÇO AO CARBONO, REVESTIDOS OU NÃO'),
(202,'2422902','PRODUÇÃO DE LAMINADOS PLANOS DE AÇOS ESPECIAIS'),
(203,'2423701','PRODUÇÃO DE TUBOS DE AÇO SEM COSTURA'),
(203,'2423702','PRODUÇÃO DE LAMINADOS LONGOS DE AÇO, EXCETO TUBOS'),
(204,'2424502','PRODUÇÃO DE RELAMINADOS, TREFILADOS E PERFILADOS DE AÇO, EXCETO ARAMES'),
(204,'2424501','PRODUÇÃO DE ARAMES DE AÇO'),
(205,'2431800','PRODUÇÃO DE TUBOS DE AÇO COM COSTURA'),
(206,'2439300','PRODUÇÃO DE OUTROS TUBOS DE FERRO E AÇO'),
(207,'2441501','PRODUÇÃO DE ALUMÍNIO E SUAS LIGAS EM FORMAS PRIMÁRIAS'),
(207,'2441502','PRODUÇÃO DE LAMINADOS DE ALUMÍNIO'),
(208,'2442300','METALURGIA DOS METAIS PRECIOSOS'),
(209,'2443100','METALURGIA DO COBRE'),
(210,'2449101','PRODUÇÃO DE ZINCO EM FORMAS PRIMÁRIAS'),
(210,'2449102','PRODUÇÃO DE LAMINADOS DE ZINCO'),
(210,'2449103','FABRICAÇÃO DE ÂNODOS PARA GALVANOPLASTIA'),
(210,'2449199','METALURGIA DE OUTROS METAIS NÃO FERROSOS E SUAS LIGAS NÃO ESPECIFICADOS ANTERIORMENTE'),
(211,'2451200','FUNDIÇÃO DE FERRO E AÇO'),
(212,'2452100','FUNDIÇÃO DE METAIS NÃO FERROSOS E SUAS LIGAS'),
(213,'2511000','FABRICAÇÃO DE ESTRUTURAS METÁLICAS'),
(214,'2512800','FABRICAÇÃO DE ESQUADRIAS DE METAL'),
(215,'2513600','FABRICAÇÃO DE OBRAS DE CALDEIRARIA PESADA'),
(216,'2521700','FABRICAÇÃO DE TANQUES, RESERVATÓRIOS METÁLICOS E CALDEIRAS PARA AQUECIMENTO CENTRAL'),
(217,'2522500','FABRICAÇÃO DE CALDEIRAS GERADORAS DE VAPOR, EXCETO PARA AQUECIMENTO CENTRAL E PARA VEÍCULOS'),
(218,'2531401','PRODUÇÃO DE FORJADOS DE AÇO'),
(218,'2531402','PRODUÇÃO DE FORJADOS DE METAIS NÃO FERROSOS E SUAS LIGAS'),
(219,'2532201','PRODUÇÃO DE ARTEFATOS ESTAMPADOS DE METAL'),
(219,'2532202','METALURGIA DO PÓ'),
(220,'2539001','SERVIÇOS DE USINAGEM, TORNEARIA E SOLDA'),
(220,'2539002','SERVIÇOS DE TRATAMENTO E REVESTIMENTO EM METAIS'),
(221,'2541100','FABRICAÇÃO DE ARTIGOS DE CUTELARIA'),
(222,'2542000','FABRICAÇÃO DE ARTIGOS DE SERRALHERIA, EXCETO ESQUADRIAS'),
(223,'2543800','FABRICAÇÃO DE FERRAMENTAS'),
(224,'2550101','FABRICAÇÃO DE EQUIPAMENTO BÉLICO PESADO, EXCETO VEÍCULOS MILITARES DE COMBATE'),
(224,'2550102','FABRICAÇÃO DE ARMAS DE FOGO, OUTRAS ARMAS  E MUNIÇÕES'),
(225,'2591800','FABRICAÇÃO DE EMBALAGENS METÁLICAS'),
(226,'2592601','FABRICAÇÃO DE PRODUTOS DE TREFILADOS DE METAL PADRONIZADOS'),
(226,'2592602','FABRICAÇÃO DE PRODUTOS DE TREFILADOS DE METAL, EXCETO PADRONIZADOS'),
(227,'2593400','FABRICAÇÃO DE ARTIGOS DE METAL PARA USO DOMÉSTICO E PESSOAL');

INSERT INTO public.ibge_cnae_subclasse (classe_id, codigo, nome) VALUES
(228,'2599301','SERVIÇOS DE CONFECÇÃO DE ARMAÇÕES METÁLICAS PARA A CONSTRUÇÃO'),
(228,'2599302','SERVIÇO DE CORTE E DOBRA DE METAIS'),
(228,'2599399','FABRICAÇÃO DE OUTROS PRODUTOS DE METAL NÃO ESPECIFICADOS ANTERIORMENTE'),
(229,'2610800','FABRICAÇÃO DE COMPONENTES ELETRÔNICOS'),
(230,'2621300','FABRICAÇÃO DE EQUIPAMENTOS DE INFORMÁTICA'),
(231,'2622100','FABRICAÇÃO DE PERIFÉRICOS PARA EQUIPAMENTOS DE INFORMÁTICA'),
(232,'2631100','FABRICAÇÃO DE EQUIPAMENTOS TRANSMISSORES DE COMUNICAÇÃO, PEÇAS E ACESSÓRIOS'),
(233,'2632900','FABRICAÇÃO DE APARELHOS TELEFÔNICOS E DE OUTROS EQUIPAMENTOS DE COMUNICAÇÃO, PEÇAS E ACESSÓRIOS'),
(234,'2640000','FABRICAÇÃO DE APARELHOS DE RECEPÇÃO, REPRODUÇÃO, GRAVAÇÃO E AMPLIFICAÇÃO DE ÁUDIO E VÍDEO'),
(235,'2651500','FABRICAÇÃO DE APARELHOS E EQUIPAMENTOS DE MEDIDA, TESTE E CONTROLE'),
(236,'2652300','FABRICAÇÃO DE CRONÔMETROS E RELÓGIOS'),
(237,'2660400','FABRICAÇÃO DE APARELHOS ELETROMÉDICOS E ELETROTERAPÊUTICOS E EQUIPAMENTOS DE IRRADIAÇÃO'),
(238,'2670102','FABRICAÇÃO DE APARELHOS FOTOGRÁFICOS E CINEMATOGRÁFICOS, PEÇAS E ACESSÓRIOS'),
(238,'2670101','FABRICAÇÃO DE EQUIPAMENTOS E INSTRUMENTOS ÓPTICOS, PEÇAS E ACESSÓRIOS'),
(239,'2680900','FABRICAÇÃO DE MÍDIAS VIRGENS, MAGNÉTICAS E ÓPTICAS'),
(240,'2710401','FABRICAÇÃO DE GERADORES DE CORRENTE CONTÍNUA E ALTERNADA, PEÇAS E ACESSÓRIOS'),
(240,'2710402','FABRICAÇÃO DE TRANSFORMADORES, INDUTORES, CONVERSORES, SINCRONIZADORES E SEMELHANTES, PEÇAS E ACESSÓRIOS'),
(240,'2710403','FABRICAÇÃO DE MOTORES ELÉTRICOS, PEÇAS E ACESSÓRIOS'),
(241,'2721000','FABRICAÇÃO DE PILHAS, BATERIAS E ACUMULADORES ELÉTRICOS, EXCETO PARA VEÍCULOS AUTOMOTORES'),
(242,'2722802','RECONDICIONAMENTO DE BATERIAS E ACUMULADORES PARA VEÍCULOS AUTOMOTORES'),
(242,'2722801','FABRICAÇÃO DE BATERIAS E ACUMULADORES PARA VEÍCULOS AUTOMOTORES'),
(243,'2731700','FABRICAÇÃO DE APARELHOS E EQUIPAMENTOS PARA DISTRIBUIÇÃO E CONTROLE DE ENERGIA ELÉTRICA'),
(244,'2732500','FABRICAÇÃO DE MATERIAL ELÉTRICO PARA INSTALAÇÕES EM CIRCUITO DE CONSUMO'),
(245,'2733300','FABRICAÇÃO DE FIOS, CABOS E CONDUTORES ELÉTRICOS ISOLADOS'),
(246,'2740601','FABRICAÇÃO DE LÂMPADAS'),
(246,'2740602','FABRICAÇÃO DE LUMINÁRIAS E OUTROS EQUIPAMENTOS DE ILUMINAÇÃO'),
(247,'2751100','FABRICAÇÃO DE FOGÕES, REFRIGERADORES E MÁQUINAS DE LAVAR E SECAR PARA USO DOMÉSTICO, PEÇAS E ACESSÓRIOS'),
(248,'2759701','FABRICAÇÃO DE APARELHOS ELÉTRICOS DE USO PESSOAL, PEÇAS E ACESSÓRIOS'),
(248,'2759799','FABRICAÇÃO DE OUTROS APARELHOS ELETRODOMÉSTICOS NÃO ESPECIFICADOS ANTERIORMENTE, PEÇAS E ACESSÓRIOS'),
(249,'2790201','FABRICAÇÃO DE ELETRODOS, CONTATOS E OUTROS ARTIGOS DE CARVÃO E GRAFITA PARA USO ELÉTRICO, ELETROÍMÃS E ISOLADORES'),
(249,'2790202','FABRICAÇÃO DE EQUIPAMENTOS PARA SINALIZAÇÃO E ALARME'),
(249,'2790299','FABRICAÇÃO DE OUTROS EQUIPAMENTOS E APARELHOS ELÉTRICOS NÃO ESPECIFICADOS ANTERIORMENTE'),
(250,'2811900','FABRICAÇÃO DE MOTORES E TURBINAS, PEÇAS E ACESSÓRIOS, EXCETO PARA AVIÕES E VEÍCULOS RODOVIÁRIOS'),
(251,'2812700','FABRICAÇÃO DE EQUIPAMENTOS HIDRÁULICOS E PNEUMÁTICOS, PEÇAS E ACESSÓRIOS, EXCETO VÁLVULAS'),
(252,'2813500','FABRICAÇÃO DE VÁLVULAS, REGISTROS E DISPOSITIVOS SEMELHANTES, PEÇAS E ACESSÓRIOS'),
(253,'2814301','FABRICAÇÃO DE COMPRESSORES PARA USO INDUSTRIAL, PEÇAS E ACESSÓRIOS'),
(253,'2814302','FABRICAÇÃO DE COMPRESSORES PARA USO NÃO INDUSTRIAL, PEÇAS E ACESSÓRIOS'),
(254,'2815101','FABRICAÇÃO DE ROLAMENTOS PARA FINS INDUSTRIAIS'),
(254,'2815102','FABRICAÇÃO DE EQUIPAMENTOS DE TRANSMISSÃO PARA FINS INDUSTRIAIS, EXCETO ROLAMENTOS'),
(255,'2821601','FABRICAÇÃO DE FORNOS INDUSTRIAIS, APARELHOS E EQUIPAMENTOS NÃO ELÉTRICOS PARA INSTALAÇÕES TÉRMICAS, PEÇAS E ACESSÓRIOS');

INSERT INTO public.ibge_cnae_subclasse (classe_id, codigo, nome) VALUES
(255,'2821602','FABRICAÇÃO DE ESTUFAS E FORNOS ELÉTRICOS PARA FINS INDUSTRIAIS, PEÇAS E ACESSÓRIOS'),
(256,'2822401','FABRICAÇÃO DE MÁQUINAS, EQUIPAMENTOS E APARELHOS PARA TRANSPORTE E ELEVAÇÃO DE PESSOAS, PEÇAS E ACESSÓRIOS'),
(256,'2822402','FABRICAÇÃO DE MÁQUINAS, EQUIPAMENTOS E APARELHOS PARA TRANSPORTE E ELEVAÇÃO DE CARGAS, PEÇAS E ACESSÓRIOS'),
(257,'2823200','FABRICAÇÃO DE MÁQUINAS E APARELHOS DE REFRIGERAÇÃO E VENTILAÇÃO PARA USO INDUSTRIAL E COMERCIAL, PEÇAS E ACESSÓRIOS'),
(258,'2824102','FABRICAÇÃO DE APARELHOS E EQUIPAMENTOS DE AR CONDICIONADO PARA USO NÃO INDUSTRIAL'),
(258,'2824101','FABRICAÇÃO DE APARELHOS E EQUIPAMENTOS DE AR CONDICIONADO PARA USO INDUSTRIAL'),
(259,'2825900','FABRICAÇÃO DE MÁQUINAS E EQUIPAMENTOS PARA SANEAMENTO BÁSICO E AMBIENTAL, PEÇAS E ACESSÓRIOS'),
(260,'2829101','FABRICAÇÃO DE MÁQUINAS DE ESCREVER, CALCULAR E OUTROS EQUIPAMENTOS NÃO ELETRÔNICOS PARA ESCRITÓRIO, PEÇAS E ACESSÓRIOS'),
(260,'2829199','FABRICAÇÃO DE OUTRAS MÁQUINAS E EQUIPAMENTOS DE USO GERAL NÃO ESPECIFICADOS ANTERIORMENTE, PEÇAS E ACESSÓRIOS'),
(261,'2832100','FABRICAÇÃO DE EQUIPAMENTOS PARA IRRIGAÇÃO AGRÍCOLA, PEÇAS E ACESSÓRIOS'),
(262,'2831300','FABRICAÇÃO DE TRATORES AGRÍCOLAS, PEÇAS E ACESSÓRIOS'),
(263,'2833000','FABRICAÇÃO DE MÁQUINAS E EQUIPAMENTOS PARA A AGRICULTURA E PECUÁRIA, PEÇAS E ACESSÓRIOS, EXCETO PARA IRRIGAÇÃO'),
(264,'2840200','FABRICAÇÃO DE MÁQUINAS FERRAMENTA, PEÇAS E ACESSÓRIOS'),
(265,'2851800','FABRICAÇÃO DE MÁQUINAS E EQUIPAMENTOS PARA A PROSPECÇÃO E EXTRAÇÃO DE PETRÓLEO, PEÇAS E ACESSÓRIOS'),
(266,'2852600','FABRICAÇÃO DE OUTRAS MÁQUINAS E EQUIPAMENTOS PARA USO NA EXTRAÇÃO MINERAL, PEÇAS E ACESSÓRIOS, EXCETO NA EXTRAÇÃO DE PETRÓLEO'),
(267,'2853400','FABRICAÇÃO DE TRATORES, PEÇAS E ACESSÓRIOS, EXCETO AGRÍCOLAS'),
(268,'2854200','FABRICAÇÃO DE MÁQUINAS E EQUIPAMENTOS PARA TERRAPLENAGEM, PAVIMENTAÇÃO E CONSTRUÇÃO, PEÇAS E ACESSÓRIOS, EXCETO TRATORES'),
(269,'2861500','FABRICAÇÃO DE MÁQUINAS PARA A INDÚSTRIA METALÚRGICA, PEÇAS E ACESSÓRIOS, EXCETO MÁQUINAS FERRAMENTA'),
(270,'2862300','FABRICAÇÃO DE MÁQUINAS E EQUIPAMENTOS PARA AS INDÚSTRIAS DE ALIMENTOS, BEBIDAS E FUMO, PEÇAS E ACESSÓRIOS'),
(271,'2863100','FABRICAÇÃO DE MÁQUINAS E EQUIPAMENTOS PARA A INDÚSTRIA TÊXTIL, PEÇAS E ACESSÓRIOS'),
(272,'2864000','FABRICAÇÃO DE MÁQUINAS E EQUIPAMENTOS PARA AS INDÚSTRIAS DO VESTUÁRIO, DO COURO E DE CALÇADOS, PEÇAS E ACESSÓRIOS'),
(273,'2865800','FABRICAÇÃO DE MÁQUINAS E EQUIPAMENTOS PARA AS INDÚSTRIAS DE CELULOSE, PAPEL E PAPELÃO E ARTEFATOS, PEÇAS E ACESSÓRIOS'),
(274,'2866600','FABRICAÇÃO DE MÁQUINAS E EQUIPAMENTOS PARA A INDÚSTRIA DO PLÁSTICO, PEÇAS E ACESSÓRIOS'),
(275,'2869100','FABRICAÇÃO DE MÁQUINAS E EQUIPAMENTOS PARA USO INDUSTRIAL ESPECÍFICO NÃO ESPECIFICADOS ANTERIORMENTE, PEÇAS E ACESSÓRIOS'),
(276,'3011301','CONSTRUÇÃO DE EMBARCAÇÕES DE GRANDE PORTE'),
(276,'3011302','CONSTRUÇÃO DE EMBARCAÇÕES PARA USO COMERCIAL E PARA USOS ESPECIAIS, EXCETO DE GRANDE PORTE'),
(277,'3012100','CONSTRUÇÃO DE EMBARCAÇÕES PARA ESPORTE E LAZER'),
(278,'3031800','FABRICAÇÃO DE LOCOMOTIVAS, VAGÕES E OUTROS MATERIAIS RODANTES'),
(279,'3032600','FABRICAÇÃO DE PEÇAS E ACESSÓRIOS PARA VEÍCULOS FERROVIÁRIOS'),
(280,'3041500','FABRICAÇÃO DE AERONAVES'),
(281,'3042300','FABRICAÇÃO DE TURBINAS, MOTORES E OUTROS COMPONENTES E PEÇAS PARA AERONAVES'),
(282,'3050400','FABRICAÇÃO DE VEÍCULOS MILITARES DE COMBATE'),
(283,'3099700','FABRICAÇÃO DE EQUIPAMENTOS DE TRANSPORTE NÃO ESPECIFICADOS ANTERIORMENTE'),
(284,'3091101','FABRICAÇÃO DE MOTOCICLETAS'),
(284,'3091102','FABRICAÇÃO DE PEÇAS E ACESSÓRIOS PARA MOTOCICLETAS'),
(285,'3092000','FABRICAÇÃO DE BICICLETAS E TRICICLOS NÃO MOTORIZADOS, PEÇAS E ACESSÓRIOS'),
(286,'3101200','FABRICAÇÃO DE MÓVEIS COM PREDOMINÂNCIA DE MADEIRA'),
(287,'3102100','FABRICAÇÃO DE MÓVEIS COM PREDOMINÂNCIA DE METAL'),
(288,'3103900','FABRICAÇÃO DE MÓVEIS DE OUTROS MATERIAIS, EXCETO MADEIRA E METAL'),
(289,'3104700','FABRICAÇÃO DE COLCHÕES');

INSERT INTO public.ibge_cnae_subclasse (classe_id, codigo, nome) VALUES
(290,'3211601','LAPIDAÇÃO DE GEMAS'),
(290,'3211602','FABRICAÇÃO DE ARTEFATOS DE JOALHERIA E OURIVESARIA'),
(290,'3211603','CUNHAGEM DE MOEDAS E MEDALHAS'),
(291,'3212400','FABRICAÇÃO DE BIJUTERIAS E ARTEFATOS SEMELHANTES'),
(292,'3220500','FABRICAÇÃO DE INSTRUMENTOS MUSICAIS, PEÇAS E ACESSÓRIOS'),
(293,'3230200','FABRICAÇÃO DE ARTEFATOS PARA PESCA E ESPORTE'),
(294,'3240001','FABRICAÇÃO DE JOGOS ELETRÔNICOS'),
(294,'3240002','FABRICAÇÃO DE MESAS DE BILHAR, DE SINUCA E ACESSÓRIOS NÃO ASSOCIADA À LOCAÇÃO'),
(294,'3240003','FABRICAÇÃO DE MESAS DE BILHAR, DE SINUCA E ACESSÓRIOS ASSOCIADA À LOCAÇÃO'),
(294,'3240099','FABRICAÇÃO DE OUTROS BRINQUEDOS E JOGOS RECREATIVOS NÃO ESPECIFICADOS ANTERIORMENTE'),
(295,'3250704','FABRICAÇÃO DE APARELHOS E UTENSÍLIOS PARA CORREÇÃO DE DEFEITOS FÍSICOS E APARELHOS ORTOPÉDICOS EM GERAL, EXCETO SOB ENCOMENDA'),
(295,'3250702','FABRICAÇÃO DE MOBILIÁRIO PARA USO MÉDICO, CIRÚRGICO, ODONTOLÓGICO E DE LABORATÓRIO'),
(295,'3250703','FABRICAÇÃO DE APARELHOS E UTENSÍLIOS PARA CORREÇÃO DE DEFEITOS FÍSICOS E APARELHOS ORTOPÉDICOS EM GERAL SOB ENCOMENDA'),
(295,'3250701','FABRICAÇÃO DE INSTRUMENTOS NÃO ELETRÔNICOS E UTENSÍLIOS PARA USO MÉDICO, CIRÚRGICO, ODONTOLÓGICO E DE LABORATÓRIO'),
(295,'3250705','FABRICAÇÃO DE MATERIAIS PARA MEDICINA E ODONTOLOGIA'),
(295,'3250706','SERVIÇOS DE PRÓTESE DENTÁRIA'),
(295,'3250707','FABRICAÇÃO DE ARTIGOS ÓPTICOS'),
(295,'3250709','SERVIÇO DE LABORATÓRIO ÓPTICO'),
(296,'3291400','FABRICAÇÃO DE ESCOVAS, PINCÉIS E VASSOURAS'),
(297,'3292201','FABRICAÇÃO DE ROUPAS DE PROTEÇÃO E SEGURANÇA E RESISTENTES A FOGO'),
(297,'3292202','FABRICAÇÃO DE EQUIPAMENTOS E ACESSÓRIOS PARA SEGURANÇA PESSOAL E PROFISSIONAL'),
(298,'3299004','FABRICAÇÃO DE PAINÉIS E LETREIROS LUMINOSOS'),
(298,'3299005','FABRICAÇÃO DE AVIAMENTOS PARA COSTURA'),
(298,'3299006','FABRICAÇÃO DE VELAS, INCLUSIVE DECORATIVAS'),
(298,'3299001','FABRICAÇÃO DE GUARDA CHUVAS E SIMILARES'),
(298,'3299002','FABRICAÇÃO DE CANETAS, LÁPIS E OUTROS ARTIGOS PARA ESCRITÓRIO'),
(298,'3299003','FABRICAÇÃO DE LETRAS, LETREIROS E PLACAS DE QUALQUER MATERIAL, EXCETO LUMINOSOS'),
(298,'3299099','FABRICAÇÃO DE PRODUTOS DIVERSOS NÃO ESPECIFICADOS ANTERIORMENTE'),
(299,'3311200','MANUTENÇÃO E REPARAÇÃO DE TANQUES, RESERVATÓRIOS METÁLICOS E CALDEIRAS, EXCETO PARA VEÍCULOS'),
(300,'3312102','MANUTENÇÃO E REPARAÇÃO DE APARELHOS E INSTRUMENTOS DE MEDIDA, TESTE E CONTROLE'),
(300,'3312103','MANUTENÇÃO E REPARAÇÃO DE APARELHOS ELETROMÉDICOS E ELETROTERAPÊUTICOS E EQUIPAMENTOS DE IRRADIAÇÃO'),
(300,'3312104','MANUTENÇÃO E REPARAÇÃO DE EQUIPAMENTOS E INSTRUMENTOS ÓPTICOS'),
(301,'3313901','MANUTENÇÃO E REPARAÇÃO DE GERADORES, TRANSFORMADORES E MOTORES ELÉTRICOS'),
(301,'3313902','MANUTENÇÃO E REPARAÇÃO DE BATERIAS E ACUMULADORES ELÉTRICOS, EXCETO PARA VEÍCULOS'),
(301,'3313999','MANUTENÇÃO E REPARAÇÃO DE MÁQUINAS, APARELHOS E MATERIAIS ELÉTRICOS NÃO ESPECIFICADOS ANTERIORMENTE'),
(302,'3314705','MANUTENÇÃO E REPARAÇÃO DE EQUIPAMENTOS DE TRANSMISSÃO PARA FINS INDUSTRIAIS'),
(302,'3314706','MANUTENÇÃO E REPARAÇÃO DE MÁQUINAS, APARELHOS E EQUIPAMENTOS PARA INSTALAÇÕES TÉRMICAS'),
(302,'3314703','MANUTENÇÃO E REPARAÇÃO DE VÁLVULAS INDUSTRIAIS'),
(302,'3314704','MANUTENÇÃO E REPARAÇÃO DE COMPRESSORES'),
(302,'3314715','MANUTENÇÃO E REPARAÇÃO DE MÁQUINAS E EQUIPAMENTOS PARA USO NA EXTRAÇÃO MINERAL, EXCETO NA EXTRAÇÃO DE PETRÓLEO');

INSERT INTO public.ibge_cnae_subclasse (classe_id, codigo, nome) VALUES
(302,'3314716','MANUTENÇÃO E REPARAÇÃO DE TRATORES, EXCETO AGRÍCOLAS'),
(302,'3314701','MANUTENÇÃO E REPARAÇÃO DE MÁQUINAS MOTRIZES NÃO ELÉTRICAS'),
(302,'3314702','MANUTENÇÃO E REPARAÇÃO DE EQUIPAMENTOS HIDRÁULICOS E PNEUMÁTICOS, EXCETO VÁLVULAS'),
(302,'3314707','MANUTENÇÃO E REPARAÇÃO DE MÁQUINAS E APARELHOS DE REFRIGERAÇÃO E VENTILAÇÃO PARA USO INDUSTRIAL E COMERCIAL'),
(302,'3314708','MANUTENÇÃO E REPARAÇÃO DE MÁQUINAS, EQUIPAMENTOS E APARELHOS PARA TRANSPORTE E ELEVAÇÃO DE CARGAS'),
(302,'3314709','MANUTENÇÃO E REPARAÇÃO DE MÁQUINAS DE ESCREVER, CALCULAR E DE OUTROS EQUIPAMENTOS NÃO ELETRÔNICOS PARA ESCRITÓRIO'),
(302,'3314710','MANUTENÇÃO E REPARAÇÃO DE MÁQUINAS E EQUIPAMENTOS PARA USO GERAL NÃO ESPECIFICADOS ANTERIORMENTE'),
(302,'3314711','MANUTENÇÃO E REPARAÇÃO DE MÁQUINAS E EQUIPAMENTOS PARA AGRICULTURA E PECUÁRIA'),
(302,'3314712','MANUTENÇÃO E REPARAÇÃO DE TRATORES AGRÍCOLAS'),
(302,'3314713','MANUTENÇÃO E REPARAÇÃO DE MÁQUINAS FERRAMENTA'),
(302,'3314714','MANUTENÇÃO E REPARAÇÃO DE MÁQUINAS E EQUIPAMENTOS PARA A PROSPECÇÃO E EXTRAÇÃO DE PETRÓLEO'),
(302,'3314717','MANUTENÇÃO E REPARAÇÃO DE MÁQUINAS E EQUIPAMENTOS DE TERRAPLENAGEM, PAVIMENTAÇÃO E CONSTRUÇÃO, EXCETO TRATORES'),
(302,'3314718','MANUTENÇÃO E REPARAÇÃO DE MÁQUINAS PARA A INDÚSTRIA METALÚRGICA, EXCETO MÁQUINAS FERRAMENTA'),
(302,'3314719','MANUTENÇÃO E REPARAÇÃO DE MÁQUINAS E EQUIPAMENTOS PARA AS INDÚSTRIAS DE ALIMENTOS, BEBIDAS E FUMO'),
(302,'3314720','MANUTENÇÃO E REPARAÇÃO DE MÁQUINAS E EQUIPAMENTOS PARA A INDÚSTRIA TÊXTIL, DO VESTUÁRIO, DO COURO E CALÇADOS'),
(302,'3314721','MANUTENÇÃO E REPARAÇÃO DE MÁQUINAS E APARELHOS PARA A INDÚSTRIA DE CELULOSE, PAPEL E PAPELÃO E ARTEFATOS'),
(302,'3314722','MANUTENÇÃO E REPARAÇÃO DE MÁQUINAS E APARELHOS PARA A INDÚSTRIA DO PLÁSTICO'),
(302,'3314799','MANUTENÇÃO E REPARAÇÃO DE OUTRAS MÁQUINAS E EQUIPAMENTOS PARA USOS INDUSTRIAIS NÃO ESPECIFICADOS ANTERIORMENTE'),
(303,'3315500','MANUTENÇÃO E REPARAÇÃO DE VEÍCULOS FERROVIÁRIOS'),
(304,'3316301','MANUTENÇÃO E REPARAÇÃO DE AERONAVES, EXCETO A MANUTENÇÃO NA PISTA'),
(304,'3316302','MANUTENÇÃO DE AERONAVES NA PISTA'),
(305,'3317102','MANUTENÇÃO E REPARAÇÃO DE EMBARCAÇÕES PARA ESPORTE E LAZER'),
(305,'3317101','MANUTENÇÃO E REPARAÇÃO DE EMBARCAÇÕES E ESTRUTURAS FLUTUANTES'),
(306,'3319800','MANUTENÇÃO E REPARAÇÃO DE EQUIPAMENTOS E PRODUTOS NÃO ESPECIFICADOS ANTERIORMENTE'),
(307,'3321000','INSTALAÇÃO DE MÁQUINAS E EQUIPAMENTOS INDUSTRIAIS'),
(308,'3329501','SERVIÇOS DE MONTAGEM DE MÓVEIS DE QUALQUER MATERIAL'),
(308,'3329599','INSTALAÇÃO DE OUTROS EQUIPAMENTOS NÃO ESPECIFICADOS ANTERIORMENTE'),
(309,'3511501','GERAÇÃO DE ENERGIA ELÉTRICA'),
(309,'3511502','ATIVIDADES DE COORDENAÇÃO E CONTROLE DA OPERAÇÃO DA GERAÇÃO E TRANSMISSÃO DE ENERGIA ELÉTRICA'),
(310,'3512300','TRANSMISSÃO DE ENERGIA ELÉTRICA'),
(311,'3513100','COMÉRCIO ATACADISTA DE ENERGIA ELÉTRICA'),
(312,'3514000','DISTRIBUIÇÃO DE ENERGIA ELÉTRICA'),
(313,'3520401','PRODUÇÃO DE GÁS; PROCESSAMENTO DE GÁS NATURAL'),
(313,'3520402','DISTRIBUIÇÃO DE COMBUSTÍVEIS GASOSOS POR REDES URBANAS'),
(314,'3530100','PRODUÇÃO E DISTRIBUIÇÃO DE VAPOR, ÁGUA QUENTE E AR CONDICIONADO'),
(315,'3600602','DISTRIBUIÇÃO DE ÁGUA POR CAMINHÕES'),
(315,'3600601','CAPTAÇÃO, TRATAMENTO E DISTRIBUIÇÃO DE ÁGUA'),
(316,'3701100','GESTÃO DE REDES DE ESGOTO'),
(317,'3702900','ATIVIDADES RELACIONADAS A ESGOTO, EXCETO A GESTÃO DE REDES'),
(318,'3811400','COLETA DE RESÍDUOS NÃO PERIGOSOS');

INSERT INTO public.ibge_cnae_subclasse (classe_id, codigo, nome) VALUES
(319,'3812200','COLETA DE RESÍDUOS PERIGOSOS'),
(320,'3821100','TRATAMENTO E DISPOSIÇÃO DE RESÍDUOS NÃO PERIGOSOS'),
(321,'3822000','TRATAMENTO E DISPOSIÇÃO DE RESÍDUOS PERIGOSOS'),
(322,'3831901','RECUPERAÇÃO DE SUCATAS DE ALUMÍNIO'),
(322,'3831999','RECUPERAÇÃO DE MATERIAIS METÁLICOS, EXCETO ALUMÍNIO'),
(323,'3832700','RECUPERAÇÃO DE MATERIAIS PLÁSTICOS'),
(324,'3839401','USINAS DE COMPOSTAGEM'),
(324,'3839499','RECUPERAÇÃO DE MATERIAIS NÃO ESPECIFICADOS ANTERIORMENTE'),
(325,'3900500','DESCONTAMINAÇÃO E OUTROS SERVIÇOS DE GESTÃO DE RESÍDUOS'),
(326,'4110700','INCORPORAÇÃO DE EMPREENDIMENTOS IMOBILIÁRIOS'),
(327,'4120400','CONSTRUÇÃO DE EDIFÍCIOS'),
(328,'4211101','CONSTRUÇÃO DE RODOVIAS E FERROVIAS'),
(328,'4211102','PINTURA PARA SINALIZAÇÃO EM PISTAS RODOVIÁRIAS E AEROPORTOS'),
(329,'4212000','CONSTRUÇÃO DE OBRAS DE ARTE ESPECIAIS'),
(330,'4213800','OBRAS DE URBANIZAÇÃO - RUAS, PRAÇAS E CALÇADAS'),
(331,'4223500','CONSTRUÇÃO DE REDES DE TRANSPORTES POR DUTOS, EXCETO PARA ÁGUA E ESGOTO'),
(332,'4221905','MANUTENÇÃO DE ESTAÇÕES E REDES DE TELECOMUNICAÇÕES'),
(332,'4221901','CONSTRUÇÃO DE BARRAGENS E REPRESAS PARA GERAÇÃO DE ENERGIA ELÉTRICA'),
(332,'4221902','CONSTRUÇÃO DE ESTAÇÕES E REDES DE DISTRIBUIÇÃO DE ENERGIA ELÉTRICA'),
(332,'4221903','MANUTENÇÃO DE REDES DE DISTRIBUIÇÃO DE ENERGIA ELÉTRICA'),
(332,'4221904','CONSTRUÇÃO DE ESTAÇÕES E REDES DE TELECOMUNICAÇÕES'),
(333,'4222701','CONSTRUÇÃO DE REDES DE ABASTECIMENTO DE ÁGUA, COLETA DE ESGOTO E CONSTRUÇÕES CORRELATAS, EXCETO OBRAS DE IRRIGAÇÃO'),
(333,'4222702','OBRAS DE IRRIGAÇÃO'),
(334,'4291000','OBRAS PORTUÁRIAS, MARÍTIMAS E FLUVIAIS'),
(335,'4292801','MONTAGEM DE ESTRUTURAS METÁLICAS'),
(335,'4292802','OBRAS DE MONTAGEM INDUSTRIAL'),
(336,'4299501','CONSTRUÇÃO DE INSTALAÇÕES ESPORTIVAS E RECREATIVAS'),
(336,'4299599','OUTRAS OBRAS DE ENGENHARIA CIVIL NÃO ESPECIFICADAS ANTERIORMENTE'),
(337,'5211701','ARMAZÉNS GERAIS - EMISSÃO DE WARRANT'),
(337,'5211702','GUARDA MÓVEIS'),
(337,'5211799','DEPÓSITOS DE MERCADORIAS PARA TERCEIROS, EXCETO ARMAZÉNS GERAIS E GUARDA MÓVEIS'),
(338,'5212500','CARGA E DESCARGA'),
(339,'5221400','CONCESSIONÁRIAS DE RODOVIAS, PONTES, TÚNEIS E SERVIÇOS RELACIONADOS'),
(340,'5222200','TERMINAIS RODOVIÁRIOS E FERROVIÁRIOS'),
(341,'5223100','ESTACIONAMENTO DE VEÍCULOS'),
(342,'5229001','SERVIÇOS DE APOIO AO TRANSPORTE POR TÁXI, INCLUSIVE CENTRAIS DE CHAMADA'),
(342,'5229002','SERVIÇOS DE REBOQUE DE VEÍCULOS'),
(342,'5229099','OUTRAS ATIVIDADES AUXILIARES DOS TRANSPORTES TERRESTRES NÃO ESPECIFICADAS ANTERIORMENTE'),
(343,'5231101','ADMINISTRAÇÃO DA INFRAESTRUTURA PORTUÁRIA'),
(343,'5231102','ATIVIDADES DO OPERADOR PORTUÁRIO');

INSERT INTO public.ibge_cnae_subclasse (classe_id, codigo, nome) VALUES
(343,'5231103','GESTÃO DE TERMINAIS AQUAVIÁRIOS'),
(344,'5232000','ATIVIDADES DE AGENCIAMENTO MARÍTIMO'),
(345,'5239701','SERVIÇOS DE PRATICAGEM'),
(345,'5239799','ATIVIDADES AUXILIARES DOS TRANSPORTES AQUAVIÁRIOS NÃO ESPECIFICADAS ANTERIORMENTE'),
(346,'5240101','OPERAÇÃO DOS AEROPORTOS E CAMPOS DE ATERRISSAGEM'),
(346,'5240199','ATIVIDADES AUXILIARES DOS TRANSPORTES AÉREOS, EXCETO OPERAÇÃO DOS AEROPORTOS E CAMPOS DE ATERRISSAGEM'),
(347,'5250801','COMISSARIA DE DESPACHOS'),
(347,'5250802','ATIVIDADES DE DESPACHANTES ADUANEIROS'),
(347,'5250803','AGENCIAMENTO DE CARGAS, EXCETO PARA O TRANSPORTE MARÍTIMO'),
(347,'5250804','ORGANIZAÇÃO LOGÍSTICA DO TRANSPORTE DE CARGA'),
(347,'5250805','OPERADOR DE TRANSPORTE MULTIMODAL - OTM'),
(348,'5310501','ATIVIDADES DO CORREIO NACIONAL'),
(348,'5310502','ATIVIDADES DE FRANQUEADAS DO CORREIO NACIONAL'),
(349,'5320201','SERVIÇOS DE MALOTE NÃO REALIZADOS PELO CORREIO NACIONAL'),
(349,'5320202','SERVIÇOS DE ENTREGA RÁPIDA'),
(350,'5510801','HOTÉIS'),
(350,'5510802','APART HOTÉIS'),
(350,'5510803','MOTÉIS'),
(351,'5590601','ALBERGUES, EXCETO ASSISTENCIAIS'),
(351,'5590602','CAMPINGS'),
(351,'5590603','PENSÕES(ALOJAMENTO)'),
(351,'5590699','OUTROS ALOJAMENTOS NÃO ESPECIFICADOS ANTERIORMENTE'),
(352,'5611204','BARES E OUTROS ESTABELECIMENTOS ESPECIALIZADOS EM SERVIR BEBIDAS, SEM ENTRETENIMENTO'),
(352,'5611201','RESTAURANTES E SIMILARES'),
(352,'5611203','LANCHONETES, CASAS DE CHÁ, DE SUCOS E SIMILARES'),
(352,'5611205','BARES E OUTROS ESTABELECIMENTOS ESPECIALIZADOS EM SERVIR BEBIDAS, COM ENTRETENIMENTO'),
(353,'5612100','SERVIÇOS AMBULANTES DE ALIMENTAÇÃO'),
(354,'5620102','SERVIÇOS DE ALIMENTAÇÃO PARA EVENTOS E RECEPÇÕES - BUFÊ'),
(354,'5620101','FORNECIMENTO DE ALIMENTOS PREPARADOS PREPONDERANTEMENTE PARA EMPRESAS'),
(354,'5620103','CANTINAS - SERVIÇOS DE ALIMENTAÇÃO PRIVATIVOS'),
(354,'5620104','FORNECIMENTO DE ALIMENTOS PREPARADOS PREPONDERANTEMENTE PARA CONSUMO DOMICILIAR'),
(355,'4311801','DEMOLIÇÃO DE EDIFÍCIOS E OUTRAS ESTRUTURAS'),
(355,'4311802','PREPARAÇÃO DE CANTEIRO E LIMPEZA DE TERRENO'),
(356,'4312600','PERFURAÇÕES E SONDAGENS'),
(357,'4313400','OBRAS DE TERRAPLENAGEM'),
(358,'4319300','SERVIÇOS DE PREPARAÇÃO DO TERRENO NÃO ESPECIFICADOS ANTERIORMENTE'),
(359,'4321500','INSTALAÇÃO E MANUTENÇÃO ELÉTRICA'),
(360,'4322301','INSTALAÇÕES HIDRÁULICAS, SANITÁRIAS E DE GÁS'),
(360,'4322302','INSTALAÇÃO E MANUTENÇÃO DE SISTEMAS CENTRAIS DE AR CONDICIONADO, DE VENTILAÇÃO E REFRIGERAÇÃO'),
(360,'4322303','INSTALAÇÕES DE SISTEMA DE PREVENÇÃO CONTRA INCÊNDIO');

INSERT INTO public.ibge_cnae_subclasse (classe_id, codigo, nome) VALUES
(361,'4329101','INSTALAÇÃO DE PAINÉIS PUBLICITÁRIOS'),
(361,'4329102','INSTALAÇÃO DE EQUIPAMENTOS PARA ORIENTAÇÃO À NAVEGAÇÃO MARÍTIMA FLUVIAL E LACUSTRE'),
(361,'4329103','INSTALAÇÃO, MANUTENÇÃO E REPARAÇÃO DE ELEVADORES, ESCADAS E ESTEIRAS ROLANTES'),
(361,'4329104','MONTAGEM E INSTALAÇÃO DE SISTEMAS E EQUIPAMENTOS DE ILUMINAÇÃO E SINALIZAÇÃO EM VIAS PÚBLICAS, PORTOS E AEROPORTOS'),
(361,'4329105','TRATAMENTOS TÉRMICOS, ACÚSTICOS OU DE VIBRAÇÃO'),
(361,'4329199','OUTRAS OBRAS DE INSTALAÇÕES EM CONSTRUÇÕES NÃO ESPECIFICADAS ANTERIORMENTE'),
(362,'4330403','OBRAS DE ACABAMENTO EM GESSO E ESTUQUE'),
(362,'4330404','SERVIÇOS DE PINTURA DE EDIFÍCIOS EM GERAL'),
(362,'4330405','APLICAÇÃO DE REVESTIMENTOS E DE RESINAS EM INTERIORES E EXTERIORES'),
(362,'4330401','IMPERMEABILIZAÇÃO EM OBRAS DE ENGENHARIA CIVIL'),
(362,'4330402','INSTALAÇÃO DE PORTAS, JANELAS, TETOS, DIVISÓRIAS E ARMÁRIOS EMBUTIDOS DE QUALQUER MATERIAL'),
(362,'4330499','OUTRAS OBRAS DE ACABAMENTO DA CONSTRUÇÃO'),
(363,'4391600','OBRAS DE FUNDAÇÕES'),
(364,'4399101','ADMINISTRAÇÃO DE OBRAS'),
(364,'4399102','MONTAGEM E DESMONTAGEM DE ANDAIMES E OUTRAS ESTRUTURAS TEMPORÁRIAS'),
(364,'4399103','OBRAS DE ALVENARIA'),
(364,'4399104','SERVIÇOS DE OPERAÇÃO E FORNECIMENTO DE EQUIPAMENTOS PARA TRANSPORTE E ELEVAÇÃO DE CARGAS E PESSOAS PARA USO EM OBRAS'),
(364,'4399105','PERFURAÇÃO E CONSTRUÇÃO DE POÇOS DE ÁGUA'),
(364,'4399199','SERVIÇOS ESPECIALIZADOS PARA CONSTRUÇÃO NÃO ESPECIFICADOS ANTERIORMENTE'),
(365,'4511101','COMÉRCIO A VAREJO DE AUTOMÓVEIS, CAMIONETAS E UTILITÁRIOS NOVOS'),
(365,'4511102','COMÉRCIO A VAREJO DE AUTOMÓVEIS, CAMIONETAS E UTILITÁRIOS USADOS'),
(365,'4511103','COMÉRCIO POR ATACADO DE AUTOMÓVEIS, CAMIONETAS E UTILITÁRIOS NOVOS E USADOS'),
(365,'4511104','COMÉRCIO POR ATACADO DE CAMINHÕES NOVOS E USADOS'),
(365,'4511105','COMÉRCIO POR ATACADO DE REBOQUES E SEMI REBOQUES NOVOS E USADOS'),
(365,'4511106','COMÉRCIO POR ATACADO DE ÔNIBUS E MICROÔNIBUS NOVOS E USADOS'),
(366,'4512901','REPRESENTANTES COMERCIAIS E AGENTES DO COMÉRCIO DE VEÍCULOS AUTOMOTORES'),
(366,'4512902','COMÉRCIO SOB CONSIGNAÇÃO DE VEÍCULOS AUTOMOTORES'),
(367,'4520006','SERVIÇOS DE BORRACHARIA PARA VEÍCULOS AUTOMOTORES'),
(367,'4520001','SERVIÇOS DE MANUTENÇÃO E REPARAÇÃO MECÂNICA DE VEÍCULOS AUTOMOTORES'),
(367,'4520002','SERVIÇOS DE LANTERNAGEM OU FUNILARIA E PINTURA DE VEÍCULOS AUTOMOTORES'),
(367,'4520003','SERVIÇOS DE MANUTENÇÃO E REPARAÇÃO ELÉTRICA DE VEÍCULOS AUTOMOTORES'),
(367,'4520004','SERVIÇOS DE ALINHAMENTO E BALANCEAMENTO DE VEÍCULOS AUTOMOTORES'),
(367,'4520005','SERVIÇOS DE LAVAGEM, LUBRIFICAÇÃO E POLIMENTO DE VEÍCULOS AUTOMOTORES'),
(367,'4520007','SERVIÇOS DE INSTALAÇÃO, MANUTENÇÃO E REPARAÇÃO DE ACESSÓRIOS PARA VEÍCULOS AUTOMOTORES'),
(367,'4520008','SERVIÇOS DE CAPOTARIA'),
(368,'4530701','COMÉRCIO POR ATACADO DE PEÇAS E ACESSÓRIOS NOVOS PARA VEÍCULOS AUTOMOTORES'),
(368,'4530702','COMÉRCIO POR ATACADO DE PNEUMÁTICOS E CÂMARAS DE AR'),
(368,'4530703','COMÉRCIO A VAREJO DE PEÇAS E ACESSÓRIOS NOVOS PARA VEÍCULOS AUTOMOTORES'),
(368,'4530704','COMÉRCIO A VAREJO DE PEÇAS E ACESSÓRIOS USADOS PARA VEÍCULOS AUTOMOTORES'),
(368,'4530705','COMÉRCIO A VAREJO DE PNEUMÁTICOS E CÂMARAS DE AR');

INSERT INTO public.ibge_cnae_subclasse (classe_id, codigo, nome) VALUES
(368,'4530706','REPRESENTANTES COMERCIAIS E AGENTES DO COMÉRCIO DE PEÇAS E ACESSÓRIOS NOVOS E USADOS PARA VEÍCULOS AUTOMOTORES'),
(369,'4541201','COMÉRCIO POR ATACADO DE MOTOCICLETAS E MOTONETAS'),
(369,'4541202','COMÉRCIO POR ATACADO DE PEÇAS E ACESSÓRIOS PARA MOTOCICLETAS E MOTONETAS'),
(369,'4541203','COMÉRCIO A VAREJO DE MOTOCICLETAS E MOTONETAS NOVAS'),
(369,'4541204','COMÉRCIO A VAREJO DE MOTOCICLETAS E MOTONETAS USADAS'),
(369,'4541206','COMÉRCIO A VAREJO DE PEÇAS E ACESSÓRIOS NOVOS PARA MOTOCICLETAS E MOTONETAS'),
(369,'4541207','COMÉRCIO A VAREJO DE PEÇAS E ACESSÓRIOS USADOS PARA MOTOCICLETAS E MOTONETAS'),
(370,'4542101','REPRESENTANTES COMERCIAIS E AGENTES DO COMÉRCIO DE MOTOCICLETAS E MOTONETAS, PEÇAS E ACESSÓRIOS'),
(370,'4542102','COMÉRCIO SOB CONSIGNAÇÃO DE MOTOCICLETAS E MOTONETAS'),
(371,'4543900','MANUTENÇÃO E REPARAÇÃO DE MOTOCICLETAS E MOTONETAS'),
(372,'6010100','ATIVIDADES DE RÁDIO'),
(373,'6021700','ATIVIDADES DE TELEVISÃO ABERTA'),
(374,'6022501','PROGRAMADORAS'),
(374,'6022502','ATIVIDADES RELACIONADAS À TELEVISÃO POR ASSINATURA, EXCETO PROGRAMADORAS'),
(375,'4611700','REPRESENTANTES COMERCIAIS E AGENTES DO COMÉRCIO DE MATÉRIAS PRIMAS AGRÍCOLAS E ANIMAIS VIVOS'),
(376,'4612500','REPRESENTANTES COMERCIAIS E AGENTES DO COMÉRCIO DE COMBUSTÍVEIS, MINERAIS, PRODUTOS SIDERÚRGICOS E QUÍMICOS'),
(377,'4613300','REPRESENTANTES COMERCIAIS E AGENTES DO COMÉRCIO DE MADEIRA, MATERIAL DE CONSTRUÇÃO E FERRAGENS'),
(378,'4614100','REPRESENTANTES COMERCIAIS E AGENTES DO COMÉRCIO DE MÁQUINAS, EQUIPAMENTOS, EMBARCAÇÕES E AERONAVES'),
(379,'4615000','REPRESENTANTES COMERCIAIS E AGENTES DO COMÉRCIO DE ELETRODOMÉSTICOS, MÓVEIS E ARTIGOS DE USO DOMÉSTICO'),
(380,'4616800','REPRESENTANTES COMERCIAIS E AGENTES DO COMÉRCIO DE TÊXTEIS, VESTUÁRIO, CALÇADOS E ARTIGOS DE VIAGEM'),
(381,'4617600','REPRESENTANTES COMERCIAIS E AGENTES DO COMÉRCIO DE PRODUTOS ALIMENTÍCIOS, BEBIDAS E FUMO'),
(382,'4618401','REPRESENTANTES COMERCIAIS E AGENTES DO COMÉRCIO DE MEDICAMENTOS, COSMÉTICOS E PRODUTOS DE PERFUMARIA'),
(382,'4618402','REPRESENTANTES COMERCIAIS E AGENTES DO COMÉRCIO DE INSTRUMENTOS E MATERIAIS ODONTO MÉDICO HOSPITALARES'),
(382,'4618403','REPRESENTANTES COMERCIAIS E AGENTES DO COMÉRCIO DE JORNAIS, REVISTAS E OUTRAS PUBLICAÇÕES'),
(382,'4618499','OUTROS REPRESENTANTES COMERCIAIS E AGENTES DO COMÉRCIO ESPECIALIZADO EM PRODUTOS NÃO ESPECIFICADOS ANTERIORMENTE'),
(383,'4619200','REPRESENTANTES COMERCIAIS E AGENTES DO COMÉRCIO DE MERCADORIAS EM GERAL NÃO ESPECIALIZADO'),
(384,'4621400','COMÉRCIO ATACADISTA DE CAFÉ EM GRÃO'),
(385,'4622200','COMÉRCIO ATACADISTA DE SOJA'),
(386,'4623105','COMÉRCIO ATACADISTA DE CACAU'),
(386,'4623106','COMÉRCIO ATACADISTA DE SEMENTES, FLORES, PLANTAS E GRAMAS'),
(386,'4623107','COMÉRCIO ATACADISTA DE SISAL'),
(386,'4623102','COMÉRCIO ATACADISTA DE COUROS, LÃS, PELES E OUTROS SUBPRODUTOS NÃO COMESTÍVEIS DE ORIGEM ANIMAL'),
(386,'4623103','COMÉRCIO ATACADISTA DE ALGODÃO'),
(386,'4623101','COMÉRCIO ATACADISTA DE ANIMAIS VIVOS'),
(386,'4623104','COMÉRCIO ATACADISTA DE FUMO EM FOLHA NÃO BENEFICIADO'),
(386,'4623108','COMÉRCIO ATACADISTA DE MATÉRIAS PRIMAS AGRÍCOLAS COM ATIVIDADE DE FRACIONAMENTO E ACONDICIONAMENTO ASSOCIADA'),
(386,'4623109','COMÉRCIO ATACADISTA DE ALIMENTOS PARA ANIMAIS'),
(386,'4623199','COMÉRCIO ATACADISTA DE MATÉRIAS PRIMAS AGRÍCOLAS NÃO ESPECIFICADAS ANTERIORMENTE'),
(387,'4631100','COMÉRCIO ATACADISTA DE LEITE E LATICÍNIOS'),
(388,'4632001','COMÉRCIO ATACADISTA DE CEREAIS E LEGUMINOSAS BENEFICIADOS');

INSERT INTO public.ibge_cnae_subclasse (classe_id, codigo, nome) VALUES
(388,'4632002','COMÉRCIO ATACADISTA DE FARINHAS, AMIDOS E FÉCULAS'),
(388,'4632003','COMÉRCIO ATACADISTA DE CEREAIS E LEGUMINOSAS BENEFICIADOS, FARINHAS, AMIDOS E FÉCULAS, COM ATIVIDADE DE FRACIONAMENTO E ACONDICIONAMENTO ASSOCIADA'),
(389,'4633803','COMÉRCIO ATACADISTA DE COELHOS E OUTROS PEQUENOS ANIMAIS VIVOS PARA ALIMENTAÇÃO'),
(389,'4633801','COMÉRCIO ATACADISTA DE FRUTAS, VERDURAS, RAÍZES, TUBÉRCULOS, HORTALIÇAS E LEGUMES FRESCOS'),
(389,'4633802','COMÉRCIO ATACADISTA DE AVES VIVAS E OVOS'),
(390,'4634601','COMÉRCIO ATACADISTA DE CARNES BOVINAS E SUÍNAS E DERIVADOS'),
(390,'4634602','COMÉRCIO ATACADISTA DE AVES ABATIDAS E DERIVADOS'),
(390,'4634603','COMÉRCIO ATACADISTA DE PESCADOS E FRUTOS DO MAR'),
(390,'4634699','COMÉRCIO ATACADISTA DE CARNES E DERIVADOS DE OUTROS ANIMAIS'),
(391,'4635401','COMÉRCIO ATACADISTA DE ÁGUA MINERAL'),
(391,'4635402','COMÉRCIO ATACADISTA DE CERVEJA, CHOPE E REFRIGERANTE'),
(391,'4635403','COMÉRCIO ATACADISTA DE BEBIDAS COM ATIVIDADE DE FRACIONAMENTO E ACONDICIONAMENTO ASSOCIADA'),
(391,'4635499','COMÉRCIO ATACADISTA DE BEBIDAS NÃO ESPECIFICADAS ANTERIORMENTE'),
(392,'4636201','COMÉRCIO ATACADISTA DE FUMO BENEFICIADO'),
(392,'4636202','COMÉRCIO ATACADISTA DE CIGARROS, CIGARRILHAS E CHARUTOS'),
(393,'4637101','COMÉRCIO ATACADISTA DE CAFÉ TORRADO, MOÍDO E SOLÚVEL'),
(393,'4637102','COMÉRCIO ATACADISTA DE AÇÚCAR'),
(393,'4637103','COMÉRCIO ATACADISTA DE ÓLEOS E GORDURAS'),
(393,'4637104','COMÉRCIO ATACADISTA DE PÃES, BOLOS, BISCOITOS E SIMILARES'),
(393,'4637105','COMÉRCIO ATACADISTA DE MASSAS ALIMENTÍCIAS'),
(393,'4637106','COMÉRCIO ATACADISTA DE SORVETES'),
(393,'4637107','COMÉRCIO ATACADISTA DE CHOCOLATES, CONFEITOS, BALAS, BOMBONS E SEMELHANTES'),
(393,'4637199','COMÉRCIO ATACADISTA ESPECIALIZADO EM OUTROS PRODUTOS ALIMENTÍCIOS NÃO ESPECIFICADOS ANTERIORMENTE'),
(394,'4639701','COMÉRCIO ATACADISTA DE PRODUTOS ALIMENTÍCIOS EM GERAL'),
(394,'4639702','COMÉRCIO ATACADISTA DE PRODUTOS ALIMENTÍCIOS EM GERAL, COM ATIVIDADE DE FRACIONAMENTO E ACONDICIONAMENTO ASSOCIADA'),
(395,'4646001','COMÉRCIO ATACADISTA DE COSMÉTICOS E PRODUTOS DE PERFUMARIA'),
(395,'4646002','COMÉRCIO ATACADISTA DE PRODUTOS DE HIGIENE PESSOAL'),
(396,'4645101','COMÉRCIO ATACADISTA DE INSTRUMENTOS E MATERIAIS PARA USO MÉDICO, CIRÚRGICO, HOSPITALAR E DE LABORATÓRIOS'),
(396,'4645102','COMÉRCIO ATACADISTA DE PRÓTESES E ARTIGOS DE ORTOPEDIA'),
(396,'4645103','COMÉRCIO ATACADISTA DE PRODUTOS ODONTOLÓGICOS'),
(397,'4641902','COMÉRCIO ATACADISTA DE ARTIGOS DE CAMA, MESA E BANHO'),
(397,'4641903','COMÉRCIO ATACADISTA DE ARTIGOS DE ARMARINHO'),
(397,'4641901','COMÉRCIO ATACADISTA DE TECIDOS'),
(398,'4642701','COMÉRCIO ATACADISTA DE ARTIGOS DO VESTUÁRIO E ACESSÓRIOS, EXCETO PROFISSIONAIS E DE SEGURANÇA'),
(398,'4642702','COMÉRCIO ATACADISTA DE ROUPAS E ACESSÓRIOS PARA USO PROFISSIONAL E DE SEGURANÇA DO TRABALHO'),
(399,'4643501','COMÉRCIO ATACADISTA DE CALÇADOS'),
(399,'4643502','COMÉRCIO ATACADISTA DE BOLSAS, MALAS E ARTIGOS DE VIAGEM'),
(400,'4644301','COMÉRCIO ATACADISTA DE MEDICAMENTOS E DROGAS DE USO HUMANO'),
(400,'4644302','COMÉRCIO ATACADISTA DE MEDICAMENTOS E DROGAS DE USO VETERINÁRIO'),
(401,'4647801','COMÉRCIO ATACADISTA DE ARTIGOS DE ESCRITÓRIO E DE PAPELARIA');

INSERT INTO public.ibge_cnae_subclasse (classe_id, codigo, nome) VALUES
(401,'4647802','COMÉRCIO ATACADISTA DE LIVROS, JORNAIS E OUTRAS PUBLICAÇÕES'),
(402,'4649401','COMÉRCIO ATACADISTA DE EQUIPAMENTOS ELÉTRICOS DE USO PESSOAL E DOMÉSTICO'),
(402,'4649402','COMÉRCIO ATACADISTA DE APARELHOS ELETRÔNICOS DE USO PESSOAL E DOMÉSTICO'),
(402,'4649403','COMÉRCIO ATACADISTA DE BICICLETAS, TRICICLOS E OUTROS VEÍCULOS RECREATIVOS'),
(402,'4649404','COMÉRCIO ATACADISTA DE MÓVEIS E ARTIGOS DE COLCHOARIA'),
(402,'4649405','COMÉRCIO ATACADISTA DE ARTIGOS DE TAPEÇARIA; PERSIANAS E CORTINAS'),
(402,'4649406','COMÉRCIO ATACADISTA DE LUSTRES, LUMINÁRIAS E ABAJURES'),
(402,'4649407','COMÉRCIO ATACADISTA DE FILMES, CDS, DVDS, FITAS E DISCOS'),
(402,'4649408','COMÉRCIO ATACADISTA DE PRODUTOS DE HIGIENE, LIMPEZA E CONSERVAÇÃO DOMICILIAR'),
(402,'4649409','COMÉRCIO ATACADISTA DE PRODUTOS DE HIGIENE, LIMPEZA E CONSERVAÇÃO DOMICILIAR, COM ATIVIDADE DE FRACIONAMENTO E ACONDICIONAMENTO ASSOCIADA'),
(402,'4649410','COMÉRCIO ATACADISTA DE JÓIAS, RELÓGIOS E BIJUTERIAS, INCLUSIVE PEDRAS PRECIOSAS E SEMIPRECIOSAS LAPIDADAS'),
(402,'4649499','COMÉRCIO ATACADISTA DE OUTROS EQUIPAMENTOS E ARTIGOS DE USO PESSOAL E DOMÉSTICO NÃO ESPECIFICADOS ANTERIORMENTE'),
(403,'4651601','COMÉRCIO ATACADISTA DE EQUIPAMENTOS DE INFORMÁTICA'),
(403,'4651602','COMÉRCIO ATACADISTA DE SUPRIMENTOS PARA INFORMÁTICA'),
(404,'4652400','COMÉRCIO ATACADISTA DE COMPONENTES ELETRÔNICOS E EQUIPAMENTOS DE TELEFONIA E COMUNICAÇÃO'),
(405,'4661300','COMÉRCIO ATACADISTA DE MÁQUINAS, APARELHOS E EQUIPAMENTOS PARA USO AGROPECUÁRIO; PARTES E PEÇAS'),
(406,'4662100','COMÉRCIO ATACADISTA DE MÁQUINAS, EQUIPAMENTOS PARA TERRAPLENAGEM, MINERAÇÃO E CONSTRUÇÃO; PARTES E PEÇAS'),
(407,'4663000','COMÉRCIO ATACADISTA DE MÁQUINAS E EQUIPAMENTOS PARA USO INDUSTRIAL; PARTES E PEÇAS'),
(408,'4664800','COMÉRCIO ATACADISTA DE MÁQUINAS, APARELHOS E EQUIPAMENTOS PARA USO ODONTO MÉDICO HOSPITALAR; PARTES E PEÇAS'),
(409,'4665600','COMÉRCIO ATACADISTA DE MÁQUINAS E EQUIPAMENTOS PARA USO COMERCIAL; PARTES E PEÇAS'),
(410,'4669901','COMÉRCIO ATACADISTA DE BOMBAS E COMPRESSORES; PARTES E PEÇAS'),
(410,'4669999','COMÉRCIO ATACADISTA DE OUTRAS MÁQUINAS E EQUIPAMENTOS NÃO ESPECIFICADOS ANTERIORMENTE; PARTES E PEÇAS'),
(411,'4671100','COMÉRCIO ATACADISTA DE MADEIRA E PRODUTOS DERIVADOS'),
(412,'4672900','COMÉRCIO ATACADISTA DE FERRAGENS E FERRAMENTAS'),
(413,'4673700','COMÉRCIO ATACADISTA DE MATERIAL ELÉTRICO'),
(414,'4674500','COMÉRCIO ATACADISTA DE CIMENTO'),
(415,'4679699','COMÉRCIO ATACADISTA DE MATERIAIS DE CONSTRUÇÃO EM GERAL'),
(415,'4679601','COMÉRCIO ATACADISTA DE TINTAS, VERNIZES E SIMILARES'),
(415,'4679602','COMÉRCIO ATACADISTA DE MÁRMORES E GRANITOS'),
(415,'4679603','COMÉRCIO ATACADISTA DE VIDROS, ESPELHOS E VITRAIS'),
(415,'4679604','COMÉRCIO ATACADISTA ESPECIALIZADO DE MATERIAIS DE CONSTRUÇÃO NÃO ESPECIFICADOS ANTERIORMENTE'),
(416,'4681801','COMÉRCIO ATACADISTA DE ÁLCOOL CARBURANTE, BIODIESEL, GASOLINA E DEMAIS DERIVADOS DE PETRÓLEO, EXCETO LUBRIFICANTES, NÃO REALIZADO POR TRANSPORTADOR RETALHISTA (T.R.R.)'),
(416,'4681802','COMÉRCIO ATACADISTA DE COMBUSTÍVEIS REALIZADO POR TRANSPORTADOR RETALHISTA (T.R.R.)'),
(416,'4681803','COMÉRCIO ATACADISTA DE COMBUSTÍVEIS DE ORIGEM VEGETAL, EXCETO ÁLCOOL CARBURANTE'),
(416,'4681804','COMÉRCIO ATACADISTA DE COMBUSTÍVEIS DE ORIGEM MINERAL EM BRUTO'),
(416,'4681805','COMÉRCIO ATACADISTA DE LUBRIFICANTES'),
(417,'4682600','COMÉRCIO ATACADISTA DE GÁS LIQUEFEITO DE PETRÓLEO (GLP)'),
(418,'4683400','COMÉRCIO ATACADISTA DE DEFENSIVOS AGRÍCOLAS, ADUBOS, FERTILIZANTES E CORRETIVOS DO SOLO'),
(419,'4684201','COMÉRCIO ATACADISTA DE RESINAS E ELASTÔMEROS'),
(419,'4684202','COMÉRCIO ATACADISTA DE SOLVENTES');

INSERT INTO public.ibge_cnae_subclasse (classe_id, codigo, nome) VALUES
(419,'4684299','COMÉRCIO ATACADISTA DE OUTROS PRODUTOS QUÍMICOS E PETROQUÍMICOS NÃO ESPECIFICADOS ANTERIORMENTE'),
(420,'4685100','COMÉRCIO ATACADISTA DE PRODUTOS SIDERÚRGICOS E METALÚRGICOS, EXCETO PARA CONSTRUÇÃO'),
(421,'4686901','COMÉRCIO ATACADISTA DE PAPEL E PAPELÃO EM BRUTO'),
(421,'4686902','COMÉRCIO ATACADISTA DE EMBALAGENS'),
(422,'4687701','COMÉRCIO ATACADISTA DE RESÍDUOS DE PAPEL E PAPELÃO'),
(422,'4687702','COMÉRCIO ATACADISTA DE RESÍDUOS E SUCATAS NÃO METÁLICOS, EXCETO DE PAPEL E PAPELÃO'),
(422,'4687703','COMÉRCIO ATACADISTA DE RESÍDUOS E SUCATAS METÁLICOS'),
(423,'4689301','COMÉRCIO ATACADISTA DE PRODUTOS DA EXTRAÇÃO MINERAL, EXCETO COMBUSTÍVEIS'),
(423,'4689302','COMÉRCIO ATACADISTA DE FIOS E FIBRAS BENEFICIADOS'),
(423,'4689399','COMÉRCIO ATACADISTA ESPECIALIZADO EM OUTROS PRODUTOS INTERMEDIÁRIOS NÃO ESPECIFICADOS ANTERIORMENTE'),
(424,'4691500','COMÉRCIO ATACADISTA DE MERCADORIAS EM GERAL, COM PREDOMINÂNCIA DE PRODUTOS ALIMENTÍCIOS'),
(425,'4692300','COMÉRCIO ATACADISTA DE MERCADORIAS EM GERAL, COM PREDOMINÂNCIA DE INSUMOS AGROPECUÁRIOS'),
(426,'4693100','COMÉRCIO ATACADISTA DE MERCADORIAS EM GERAL, SEM PREDOMINÂNCIA DE ALIMENTOS OU DE INSUMOS AGROPECUÁRIOS'),
(427,'4711301','COMÉRCIO VAREJISTA DE MERCADORIAS EM GERAL, COM PREDOMINÂNCIA DE PRODUTOS ALIMENTÍCIOS   HIPERMERCADOS'),
(427,'4711302','COMÉRCIO VAREJISTA DE MERCADORIAS EM GERAL, COM PREDOMINÂNCIA DE PRODUTOS ALIMENTÍCIOS - SUPERMERCADOS'),
(428,'4712100','COMÉRCIO VAREJISTA DE MERCADORIAS EM GERAL, COM PREDOMINÂNCIA DE PRODUTOS ALIMENTÍCIOS - MINIMERCADOS, MERCEARIAS E ARMAZÉNS'),
(429,'4713002','LOJAS DE VARIEDADES, EXCETO LOJAS DE DEPARTAMENTOS OU MAGAZINES'),
(429,'4713005','LOJAS FRANCAS (DUTY FREE) DE AEROPORTOS, PORTOS E EM FRONTEIRAS TERRESTRES'),
(429,'4713004','LOJAS DE DEPARTAMENTOS OU MAGAZINES, EXCETO LOJAS FRANCAS (DUTY FREE)'),
(430,'4722901','COMÉRCIO VAREJISTA DE CARNES - AÇOUGUES'),
(430,'4722902','PEIXARIA'),
(431,'4723700','COMÉRCIO VAREJISTA DE BEBIDAS'),
(432,'4724500','COMÉRCIO VAREJISTA DE HORTIFRUTIGRANJEIROS'),
(433,'4721103','COMÉRCIO VAREJISTA DE LATICÍNIOS E FRIOS'),
(433,'4721102','PADARIA E CONFEITARIA COM PREDOMINÂNCIA DE REVENDA'),
(433,'4721104','COMÉRCIO VAREJISTA DE DOCES, BALAS, BOMBONS E SEMELHANTES'),
(434,'4729601','TABACARIA'),
(434,'4729602','COMÉRCIO VAREJISTA DE MERCADORIAS EM LOJAS DE CONVENIÊNCIA'),
(434,'4729699','COMÉRCIO VAREJISTA DE PRODUTOS ALIMENTÍCIOS EM GERAL OU ESPECIALIZADO EM PRODUTOS ALIMENTÍCIOS NÃO ESPECIFICADOS ANTERIORMENTE'),
(435,'4731800','COMÉRCIO VAREJISTA DE COMBUSTÍVEIS PARA VEÍCULOS AUTOMOTORES'),
(436,'4732600','COMÉRCIO VAREJISTA DE LUBRIFICANTES'),
(437,'4741500','COMÉRCIO VAREJISTA DE TINTAS E MATERIAIS PARA PINTURA'),
(438,'4742300','COMÉRCIO VAREJISTA DE MATERIAL ELÉTRICO'),
(439,'4743100','COMÉRCIO VAREJISTA DE VIDROS'),
(440,'4744001','COMÉRCIO VAREJISTA DE FERRAGENS E FERRAMENTAS'),
(440,'4744002','COMÉRCIO VAREJISTA DE MADEIRA E ARTEFATOS'),
(440,'4744003','COMÉRCIO VAREJISTA DE MATERIAIS HIDRÁULICOS'),
(440,'4744004','COMÉRCIO VAREJISTA DE CAL, AREIA, PEDRA BRITADA, TIJOLOS E TELHAS'),
(440,'4744005','COMÉRCIO VAREJISTA DE MATERIAIS DE CONSTRUÇÃO NÃO ESPECIFICADOS ANTERIORMENTE'),
(440,'4744006','COMÉRCIO VAREJISTA DE PEDRAS PARA REVESTIMENTO');

INSERT INTO public.ibge_cnae_subclasse (classe_id, codigo, nome) VALUES
(440,'4744099','COMÉRCIO VAREJISTA DE MATERIAIS DE CONSTRUÇÃO EM GERAL'),
(441,'4757100','COMÉRCIO VAREJISTA ESPECIALIZADO DE PEÇAS E ACESSÓRIOS PARA APARELHOS ELETROELETRÔNICOS PARA USO DOMÉSTICO, EXCETO INFORMÁTICA E COMUNICAÇÃO'),
(442,'4755501','COMÉRCIO VAREJISTA DE TECIDOS'),
(442,'4755502','COMERCIO VAREJISTA DE ARTIGOS DE ARMARINHO'),
(442,'4755503','COMERCIO VAREJISTA DE ARTIGOS DE CAMA, MESA E BANHO'),
(443,'4756300','COMÉRCIO VAREJISTA ESPECIALIZADO DE INSTRUMENTOS MUSICAIS E ACESSÓRIOS'),
(444,'4751201','COMÉRCIO VAREJISTA ESPECIALIZADO DE EQUIPAMENTOS E SUPRIMENTOS DE INFORMÁTICA'),
(444,'4751202','RECARGA DE CARTUCHOS PARA EQUIPAMENTOS DE INFORMÁTICA'),
(445,'4752100','COMÉRCIO VAREJISTA ESPECIALIZADO DE EQUIPAMENTOS DE TELEFONIA E COMUNICAÇÃO'),
(446,'4753900','COMÉRCIO VAREJISTA ESPECIALIZADO DE ELETRODOMÉSTICOS E EQUIPAMENTOS DE ÁUDIO E VÍDEO'),
(447,'4754701','COMÉRCIO VAREJISTA DE MÓVEIS'),
(447,'4754702','COMÉRCIO VAREJISTA DE ARTIGOS DE COLCHOARIA'),
(447,'4754703','COMÉRCIO VAREJISTA DE ARTIGOS DE ILUMINAÇÃO'),
(448,'4759801','COMÉRCIO VAREJISTA DE ARTIGOS DE TAPEÇARIA, CORTINAS E PERSIANAS'),
(448,'4759899','COMÉRCIO VAREJISTA DE OUTROS ARTIGOS DE USO PESSOAL E DOMÉSTICO NÃO ESPECIFICADOS ANTERIORMENTE'),
(449,'4761001','COMÉRCIO VAREJISTA DE LIVROS'),
(449,'4761002','COMÉRCIO VAREJISTA DE JORNAIS E REVISTAS'),
(449,'4761003','COMÉRCIO VAREJISTA DE ARTIGOS DE PAPELARIA'),
(450,'4762800','COMÉRCIO VAREJISTA DE DISCOS, CDS, DVDS E FITAS'),
(451,'4763603','COMÉRCIO VAREJISTA DE BICICLETAS E TRICICLOS; PEÇAS E ACESSÓRIOS'),
(451,'4763604','COMÉRCIO VAREJISTA DE ARTIGOS DE CAÇA, PESCA E CAMPING'),
(451,'4763601','COMÉRCIO VAREJISTA DE BRINQUEDOS E ARTIGOS RECREATIVOS'),
(451,'4763602','COMÉRCIO VAREJISTA DE ARTIGOS ESPORTIVOS'),
(451,'4763605','COMÉRCIO VAREJISTA DE EMBARCAÇÕES E OUTROS VEÍCULOS RECREATIVOS; PEÇAS E ACESSÓRIOS'),
(452,'4771701','COMÉRCIO VAREJISTA DE PRODUTOS FARMACÊUTICOS, SEM MANIPULAÇÃO DE FÓRMULAS'),
(452,'4771702','COMÉRCIO VAREJISTA DE PRODUTOS FARMACÊUTICOS, COM MANIPULAÇÃO DE FÓRMULAS'),
(452,'4771703','COMÉRCIO VAREJISTA DE PRODUTOS FARMACÊUTICOS HOMEOPÁTICOS'),
(452,'4771704','COMÉRCIO VAREJISTA DE MEDICAMENTOS VETERINÁRIOS'),
(453,'4772500','COMÉRCIO VAREJISTA DE COSMÉTICOS, PRODUTOS DE PERFUMARIA E DE HIGIENE PESSOAL'),
(454,'4773300','COMÉRCIO VAREJISTA DE ARTIGOS MÉDICOS E ORTOPÉDICOS'),
(455,'4774100','COMÉRCIO VAREJISTA DE ARTIGOS DE ÓPTICA'),
(456,'4781400','COMÉRCIO VAREJISTA DE ARTIGOS DO VESTUÁRIO E ACESSÓRIOS'),
(457,'4782201','COMÉRCIO VAREJISTA DE CALÇADOS'),
(457,'4782202','COMÉRCIO VAREJISTA DE ARTIGOS DE VIAGEM'),
(458,'4783101','COMÉRCIO VAREJISTA DE ARTIGOS DE JOALHERIA'),
(458,'4783102','COMÉRCIO VAREJISTA DE ARTIGOS DE RELOJOARIA'),
(459,'4784900','COMÉRCIO VAREJISTA DE GÁS LIQUEFEITO DE PETRÓLEO (GLP)'),
(460,'4785701','COMÉRCIO VAREJISTA DE ANTIGUIDADES'),
(460,'4785799','COMÉRCIO VAREJISTA DE OUTROS ARTIGOS USADOS'),
(461,'4789001','COMÉRCIO VAREJISTA DE SUVENIRES, BIJUTERIAS E ARTESANATOS');

INSERT INTO public.ibge_cnae_subclasse (classe_id, codigo, nome) VALUES
(461,'4789002','COMÉRCIO VAREJISTA DE PLANTAS E FLORES NATURAIS'),
(461,'4789003','COMÉRCIO VAREJISTA DE OBJETOS DE ARTE'),
(461,'4789004','COMÉRCIO VAREJISTA DE ANIMAIS VIVOS E DE ARTIGOS E ALIMENTOS PARA ANIMAIS DE ESTIMAÇÃO'),
(461,'4789005','COMÉRCIO VAREJISTA DE PRODUTOS SANEANTES DOMISSANITÁRIOS'),
(461,'4789006','COMÉRCIO VAREJISTA DE FOGOS DE ARTIFÍCIO E ARTIGOS PIROTÉCNICOS'),
(461,'4789007','COMÉRCIO VAREJISTA DE EQUIPAMENTOS PARA ESCRITÓRIO'),
(461,'4789008','COMÉRCIO VAREJISTA DE ARTIGOS FOTOGRÁFICOS E PARA FILMAGEM'),
(461,'4789009','COMÉRCIO VAREJISTA DE ARMAS E MUNIÇÕES'),
(461,'4789099','COMÉRCIO VAREJISTA DE OUTROS PRODUTOS NÃO ESPECIFICADOS ANTERIORMENTE'),
(462,'4911600','TRANSPORTE FERROVIÁRIO DE CARGA'),
(463,'4912401','TRANSPORTE FERROVIÁRIO DE PASSAGEIROS INTERMUNICIPAL E INTERESTADUAL'),
(463,'4912402','TRANSPORTE FERROVIÁRIO DE PASSAGEIROS MUNICIPAL E EM REGIÃO METROPOLITANA'),
(463,'4912403','TRANSPORTE METROVIÁRIO'),
(464,'4921301','TRANSPORTE RODOVIÁRIO COLETIVO DE PASSAGEIROS, COM ITINERÁRIO FIXO, MUNICIPAL'),
(464,'4921302','TRANSPORTE RODOVIÁRIO COLETIVO DE PASSAGEIROS, COM ITINERÁRIO FIXO, INTERMUNICIPAL EM REGIÃO METROPOLITANA'),
(465,'4922101','TRANSPORTE RODOVIÁRIO COLETIVO DE PASSAGEIROS, COM ITINERÁRIO FIXO, INTERMUNICIPAL, EXCETO EM REGIÃO METROPOLITANA'),
(465,'4922102','TRANSPORTE RODOVIÁRIO COLETIVO DE PASSAGEIROS, COM ITINERÁRIO FIXO, INTERESTADUAL'),
(465,'4922103','TRANSPORTE RODOVIÁRIO COLETIVO DE PASSAGEIROS, COM ITINERÁRIO FIXO, INTERNACIONAL'),
(466,'4923001','SERVIÇO DE TÁXI'),
(466,'4923002','SERVIÇO DE TRANSPORTE DE PASSAGEIROS - LOCAÇÃO DE AUTOMÓVEIS COM MOTORISTA'),
(467,'4924800','TRANSPORTE ESCOLAR'),
(468,'4929902','TRANSPORTE RODOVIÁRIO COLETIVO DE PASSAGEIROS, SOB REGIME DE FRETAMENTO, INTERMUNICIPAL, INTERESTADUAL E INTERNACIONAL'),
(468,'4929901','TRANSPORTE RODOVIÁRIO COLETIVO DE PASSAGEIROS, SOB REGIME DE FRETAMENTO, MUNICIPAL'),
(468,'4929903','ORGANIZAÇÃO DE EXCURSÕES EM VEÍCULOS RODOVIÁRIOS PRÓPRIOS, MUNICIPAL'),
(468,'4929904','ORGANIZAÇÃO DE EXCURSÕES EM VEÍCULOS RODOVIÁRIOS PRÓPRIOS, INTERMUNICIPAL, INTERESTADUAL E INTERNACIONAL'),
(468,'4929999','OUTROS TRANSPORTES RODOVIÁRIOS DE PASSAGEIROS NÃO ESPECIFICADOS ANTERIORMENTE'),
(469,'4930201','TRANSPORTE RODOVIÁRIO DE CARGA, EXCETO PRODUTOS PERIGOSOS E MUDANÇAS, MUNICIPAL'),
(469,'4930202','TRANSPORTE RODOVIÁRIO DE CARGA, EXCETO PRODUTOS PERIGOSOS E MUDANÇAS, INTERMUNICIPAL, INTERESTADUAL E INTERNACIONAL'),
(469,'4930203','TRANSPORTE RODOVIÁRIO DE PRODUTOS PERIGOSOS'),
(469,'4930204','TRANSPORTE RODOVIÁRIO DE MUDANÇAS'),
(470,'4940000','TRANSPORTE DUTOVIÁRIO'),
(471,'4950700','TRENS TURÍSTICOS, TELEFÉRICOS E SIMILARES'),
(472,'5011401','TRANSPORTE MARÍTIMO DE CABOTAGEM - CARGA'),
(472,'5011402','TRANSPORTE MARÍTIMO DE CABOTAGEM - PASSAGEIROS'),
(473,'5012201','TRANSPORTE MARÍTIMO DE LONGO CURSO - CARGA'),
(473,'5012202','TRANSPORTE MARÍTIMO DE LONGO CURSO - PASSAGEIROS'),
(474,'5022001','TRANSPORTE POR NAVEGAÇÃO INTERIOR DE PASSAGEIROS EM LINHAS REGULARES, MUNICIPAL, EXCETO TRAVESSIA'),
(474,'5022002','TRANSPORTE POR NAVEGAÇÃO INTERIOR DE PASSAGEIROS EM LINHAS REGULARES, INTERMUNICIPAL, INTERESTADUAL E INTERNACIONAL, EXCETO TRAVESSIA'),
(475,'5021101','TRANSPORTE POR NAVEGAÇÃO INTERIOR DE CARGA, MUNICIPAL, EXCETO TRAVESSIA'),
(475,'5021102','TRANSPORTE POR NAVEGAÇÃO INTERIOR DE CARGA, INTERMUNICIPAL, INTERESTADUAL E INTERNACIONAL, EXCETO TRAVESSIA');

INSERT INTO public.ibge_cnae_subclasse (classe_id, codigo, nome) VALUES
(476,'5030101','NAVEGAÇÃO DE APOIO MARÍTIMO'),
(476,'5030102','NAVEGAÇÃO DE APOIO PORTUÁRIO'),
(476,'5030103','SERVIÇO DE REBOCADORES E EMPURRADORES'),
(477,'5091201','TRANSPORTE POR NAVEGAÇÃO DE TRAVESSIA, MUNICIPAL'),
(477,'5091202','TRANSPORTE POR NAVEGAÇÃO DE TRAVESSIA INTERMUNICIPAL, INTERESTADUAL E INTERNACIONAL'),
(478,'5099801','TRANSPORTE AQUAVIÁRIO PARA PASSEIOS TURÍSTICOS'),
(478,'5099899','OUTROS TRANSPORTES AQUAVIÁRIOS NÃO ESPECIFICADOS ANTERIORMENTE'),
(479,'5111100','TRANSPORTE AÉREO DE PASSAGEIROS REGULAR'),
(480,'5112901','SERVIÇO DE TÁXI AÉREO E LOCAÇÃO DE AERONAVES COM TRIPULAÇÃO'),
(480,'5112999','OUTROS SERVIÇOS DE TRANSPORTE AÉREO DE PASSAGEIROS NÃO REGULAR'),
(481,'5120000','TRANSPORTE AÉREO DE CARGA'),
(482,'5130700','TRANSPORTE ESPACIAL'),
(483,'7111100','SERVIÇOS DE ARQUITETURA'),
(484,'7112000','SERVIÇOS DE ENGENHARIA'),
(485,'7119701','SERVIÇOS DE CARTOGRAFIA, TOPOGRAFIA E GEODÉSIA'),
(485,'7119702','ATIVIDADES DE ESTUDOS GEOLÓGICOS'),
(485,'7119703','SERVIÇOS DE DESENHO TÉCNICO RELACIONADOS À ARQUITETURA E ENGENHARIA'),
(485,'7119704','SERVIÇOS DE PERÍCIA TÉCNICA RELACIONADOS À SEGURANÇA DO TRABALHO'),
(485,'7119799','ATIVIDADES TÉCNICAS RELACIONADAS À ENGENHARIA E ARQUITETURA NÃO ESPECIFICADAS ANTERIORMENTE'),
(486,'7120100','TESTES E ANÁLISES TÉCNICAS'),
(487,'5811500','EDIÇÃO DE LIVROS'),
(488,'5812301','EDIÇÃO DE JORNAIS DIÁRIOS'),
(488,'5812302','EDIÇÃO DE JORNAIS NÃO DIÁRIOS'),
(489,'5813100','EDIÇÃO DE REVISTAS'),
(490,'5819100','EDIÇÃO DE CADASTROS, LISTAS E DE OUTROS PRODUTOS GRÁFICOS'),
(491,'5821200','EDIÇÃO INTEGRADA À IMPRESSÃO DE LIVROS'),
(492,'5822101','EDIÇÃO INTEGRADA À IMPRESSÃO DE JORNAIS DIÁRIOS'),
(492,'5822102','EDIÇÃO INTEGRADA À IMPRESSÃO DE JORNAIS NÃO DIÁRIOS'),
(493,'5823900','EDIÇÃO INTEGRADA À IMPRESSÃO DE REVISTAS'),
(494,'5829800','EDIÇÃO INTEGRADA À IMPRESSÃO DE CADASTROS, LISTAS E DE OUTROS PRODUTOS GRÁFICOS'),
(495,'5911101','ESTÚDIOS CINEMATOGRÁFICOS'),
(495,'5911102','PRODUÇÃO DE FILMES PARA PUBLICIDADE'),
(495,'5911199','ATIVIDADES DE PRODUÇÃO CINEMATOGRÁFICA, DE VÍDEOS E DE PROGRAMAS DE TELEVISÃO NÃO ESPECIFICADAS ANTERIORMENTE'),
(496,'5912001','SERVIÇOS DE DUBLAGEM'),
(496,'5912002','SERVIÇOS DE MIXAGEM SONORA EM PRODUÇÃO AUDIOVISUAL'),
(496,'5912099','ATIVIDADES DE PÓS PRODUÇÃO CINEMATOGRÁFICA, DE VÍDEOS E DE PROGRAMAS DE TELEVISÃO NÃO ESPECIFICADAS ANTERIORMENTE'),
(497,'5913800','DISTRIBUIÇÃO CINEMATOGRÁFICA, DE VÍDEO E DE PROGRAMAS DE TELEVISÃO'),
(498,'5914600','ATIVIDADES DE EXIBIÇÃO CINEMATOGRÁFICA'),
(499,'5920100','ATIVIDADES DE GRAVAÇÃO DE SOM E DE EDIÇÃO DE MÚSICA'),
(500,'6110803','SERVIÇOS DE COMUNICAÇÃO MULTIMÍDIA - SCM');

INSERT INTO public.ibge_cnae_subclasse (classe_id, codigo, nome) VALUES
(500,'6110899','SERVIÇOS DE TELECOMUNICAÇÕES POR FIO NÃO ESPECIFICADOS ANTERIORMENTE'),
(500,'6110801','SERVIÇOS DE TELEFONIA FIXA COMUTADA - STFC'),
(500,'6110802','SERVIÇOS DE REDES DE TRANSPORTES DE TELECOMUNICAÇÕES - SRTT'),
(501,'6120501','TELEFONIA MÓVEL CELULAR'),
(501,'6120502','SERVIÇO MÓVEL ESPECIALIZADO - SME'),
(501,'6120599','SERVIÇOS DE TELECOMUNICAÇÕES SEM FIO NÃO ESPECIFICADOS ANTERIORMENTE'),
(502,'6130200','TELECOMUNICAÇÕES POR SATÉLITE'),
(503,'6141800','OPERADORAS DE TELEVISÃO POR ASSINATURA POR CABO'),
(504,'6142600','OPERADORAS DE TELEVISÃO POR ASSINATURA POR MICROONDAS'),
(505,'6143400','OPERADORAS DE TELEVISÃO POR ASSINATURA POR SATÉLITE'),
(506,'6190601','PROVEDORES DE ACESSO ÀS REDES DE COMUNICAÇÕES'),
(506,'6190602','PROVEDORES DE VOZ SOBRE PROTOCOLO INTERNET - VOIP'),
(506,'6190699','OUTRAS ATIVIDADES DE TELECOMUNICAÇÕES NÃO ESPECIFICADAS ANTERIORMENTE'),
(507,'6201502','WEB DESIGN'),
(507,'6201501','DESENVOLVIMENTO DE PROGRAMAS DE COMPUTADOR SOB ENCOMENDA'),
(508,'6202300','DESENVOLVIMENTO E LICENCIAMENTO DE PROGRAMAS DE COMPUTADOR CUSTOMIZÁVEIS'),
(509,'6203100','DESENVOLVIMENTO E LICENCIAMENTO DE PROGRAMAS DE COMPUTADOR NÃO CUSTOMIZÁVEIS'),
(510,'6204000','CONSULTORIA EM TECNOLOGIA DA INFORMAÇÃO'),
(511,'6209100','SUPORTE TÉCNICO, MANUTENÇÃO E OUTROS SERVIÇOS EM TECNOLOGIA DA INFORMAÇÃO'),
(512,'6311900','TRATAMENTO DE DADOS, PROVEDORES DE SERVIÇOS DE APLICAÇÃO E SERVIÇOS DE HOSPEDAGEM NA INTERNET'),
(513,'6319400','PORTAIS, PROVEDORES DE CONTEÚDO E OUTROS SERVIÇOS DE INFORMAÇÃO NA INTERNET'),
(514,'6391700','AGÊNCIAS DE NOTÍCIAS'),
(515,'6399200','OUTRAS ATIVIDADES DE PRESTAÇÃO DE SERVIÇOS DE INFORMAÇÃO NÃO ESPECIFICADAS ANTERIORMENTE'),
(516,'6410700','BANCO CENTRAL'),
(517,'6423900','CAIXAS ECONÔMICAS'),
(518,'6422100','BANCOS MÚLTIPLOS, COM CARTEIRA COMERCIAL'),
(519,'6421200','BANCOS COMERCIAIS'),
(520,'6424701','BANCOS COOPERATIVOS'),
(520,'6424702','COOPERATIVAS CENTRAIS DE CRÉDITO'),
(520,'6424703','COOPERATIVAS DE CRÉDITO MÚTUO'),
(520,'6424704','COOPERATIVAS DE CRÉDITO RURAL'),
(521,'6431000','BANCOS MÚLTIPLOS, SEM CARTEIRA COMERCIAL'),
(522,'6432800','BANCOS DE INVESTIMENTO'),
(523,'6433600','BANCOS DE DESENVOLVIMENTO'),
(524,'6434400','AGÊNCIAS DE FOMENTO'),
(525,'6435201','SOCIEDADES DE CRÉDITO IMOBILIÁRIO'),
(525,'6435202','ASSOCIAÇÕES DE POUPANÇA E EMPRÉSTIMO'),
(525,'6435203','COMPANHIAS HIPOTECÁRIAS'),
(526,'6436100','SOCIEDADES DE CRÉDITO, FINANCIAMENTO E INVESTIMENTO - FINANCEIRAS'),
(527,'6437900','SOCIEDADES DE CRÉDITO AO MICROEMPREENDEDOR');

INSERT INTO public.ibge_cnae_subclasse (classe_id, codigo, nome) VALUES
(528,'6438701','BANCOS DE CÂMBIO'),
(528,'6438799','OUTRAS INSTITUIÇÕES DE INTERMEDIAÇÃO NÃO MONETÁRIA'),
(529,'6440900','ARRENDAMENTO MERCANTIL'),
(530,'6450600','SOCIEDADES DE CAPITALIZAÇÃO'),
(531,'6461100','HOLDINGS DE INSTITUIÇÕES FINANCEIRAS'),
(532,'6462000','HOLDINGS DE INSTITUIÇÕES NÃO FINANCEIRAS'),
(533,'6463800','OUTRAS SOCIEDADES DE PARTICIPAÇÃO, EXCETO HOLDINGS'),
(534,'6470102','FUNDOS DE INVESTIMENTO PREVIDENCIÁRIOS'),
(534,'6470103','FUNDOS DE INVESTIMENTO IMOBILIÁRIOS'),
(534,'6470101','FUNDOS DE INVESTIMENTO, EXCETO PREVIDENCIÁRIOS E IMOBILIÁRIOS'),
(535,'6491300','SOCIEDADES DE FOMENTO MERCANTIL - FACTORING'),
(536,'6492100','SECURITIZAÇÃO DE CRÉDITOS'),
(537,'6493000','ADMINISTRAÇÃO DE CONSÓRCIOS PARA AQUISIÇÃO DE BENS E DIREITOS'),
(538,'6499901','CLUBES DE INVESTIMENTO'),
(538,'6499902','SOCIEDADES DE INVESTIMENTO'),
(538,'6499903','FUNDO GARANTIDOR DE CRÉDITO'),
(538,'6499904','CAIXAS DE FINANCIAMENTO DE CORPORAÇÕES'),
(538,'6499905','CONCESSÃO DE CRÉDITO PELAS OSCIP'),
(538,'6499999','OUTRAS ATIVIDADES DE SERVIÇOS FINANCEIROS NÃO ESPECIFICADAS ANTERIORMENTE'),
(539,'6511101','SOCIEDADE SEGURADORA DE SEGUROS VIDA'),
(539,'6511102','PLANOS DE AUXÍLIO FUNERAL'),
(540,'6512000','SOCIEDADE SEGURADORA DE SEGUROS NÃO VIDA'),
(541,'6520100','SOCIEDADE SEGURADORA DE SEGUROS SAÚDE'),
(542,'6530800','RESSEGUROS'),
(543,'6541300','PREVIDÊNCIA COMPLEMENTAR FECHADA'),
(544,'6542100','PREVIDÊNCIA COMPLEMENTAR ABERTA'),
(545,'6550200','PLANOS DE SAÚDE'),
(546,'6611802','BOLSA DE MERCADORIAS'),
(546,'6611803','BOLSA DE MERCADORIAS E FUTUROS'),
(546,'6611804','ADMINISTRAÇÃO DE MERCADOS DE BALCÃO ORGANIZADOS'),
(546,'6611801','BOLSA DE VALORES'),
(547,'6612602','DISTRIBUIDORAS DE TÍTULOS E VALORES MOBILIÁRIOS'),
(547,'6612603','CORRETORAS DE CÂMBIO'),
(547,'6612604','CORRETORAS DE CONTRATOS DE MERCADORIAS'),
(547,'6612601','CORRETORAS DE TÍTULOS E VALORES MOBILIÁRIOS'),
(547,'6612605','AGENTES DE INVESTIMENTOS EM APLICAÇÕES FINANCEIRAS'),
(548,'6613400','ADMINISTRAÇÃO DE CARTÕES DE CRÉDITO'),
(549,'6619304','CAIXAS ELETRÔNICOS'),
(549,'6619305','OPERADORAS DE CARTÕES DE DÉBITO'),
(549,'6619399','OUTRAS ATIVIDADES AUXILIARES DOS SERVIÇOS FINANCEIROS NÃO ESPECIFICADAS ANTERIORMENTE');

INSERT INTO public.ibge_cnae_subclasse (classe_id, codigo, nome) VALUES
(549,'6619301','SERVIÇOS DE LIQUIDAÇÃO E CUSTÓDIA'),
(549,'6619302','CORRESPONDENTES DE INSTITUIÇÕES FINANCEIRAS'),
(549,'6619303','REPRESENTAÇÕES DE BANCOS ESTRANGEIROS'),
(550,'6621502','AUDITORIA E CONSULTORIA ATUARIAL'),
(550,'6621501','PERITOS E AVALIADORES DE SEGUROS'),
(551,'6622300','CORRETORES E AGENTES DE SEGUROS, DE PLANOS DE PREVIDÊNCIA COMPLEMENTAR E DE SAÚDE'),
(552,'6629100','ATIVIDADES AUXILIARES DOS SEGUROS, DA PREVIDÊNCIA COMPLEMENTAR E DOS PLANOS DE SAÚDE NÃO ESPECIFICADAS ANTERIORMENTE'),
(553,'6630400','ATIVIDADES DE ADMINISTRAÇÃO DE FUNDOS POR CONTRATO OU COMISSÃO'),
(554,'6810201','COMPRA E VENDA DE IMÓVEIS PRÓPRIOS'),
(554,'6810202','ALUGUEL DE IMÓVEIS PRÓPRIOS'),
(554,'6810203','LOTEAMENTO DE IMÓVEIS PRÓPRIOS'),
(555,'6821801','CORRETAGEM NA COMPRA E VENDA E AVALIAÇÃO DE IMÓVEIS'),
(555,'6821802','CORRETAGEM NO ALUGUEL DE IMÓVEIS'),
(556,'6822600','GESTÃO E ADMINISTRAÇÃO DA PROPRIEDADE IMOBILIARIA'),
(557,'6911701','SERVIÇOS ADVOCATÍCIOS'),
(557,'6911703','AGENTE DE PROPRIEDADE INDUSTRIAL'),
(557,'6911702','ATIVIDADES AUXILIARES DA JUSTIÇA'),
(558,'6912500','CARTÓRIOS'),
(559,'6920601','ATIVIDADES DE CONTABILIDADE'),
(559,'6920602','ATIVIDADES DE CONSULTORIA E AUDITORIA CONTÁBIL E TRIBUTÁRIA'),
(560,'7020400','ATIVIDADES DE CONSULTORIA EM GESTÃO EMPRESARIAL, EXCETO CONSULTORIA TÉCNICA ESPECÍFICA'),
(561,'7210000','PESQUISA E DESENVOLVIMENTO EXPERIMENTAL EM CIÊNCIAS FÍSICAS E NATURAIS'),
(562,'7220700','PESQUISA E DESENVOLVIMENTO EXPERIMENTAL EM CIÊNCIAS SOCIAIS E HUMANAS'),
(563,'7311400','AGÊNCIAS DE PUBLICIDADE'),
(564,'7312200','AGENCIAMENTO DE ESPAÇOS PARA PUBLICIDADE, EXCETO EM VEÍCULOS DE COMUNICAÇÃO'),
(565,'7319001','CRIAÇÃO ESTANDES PARA FEIRAS E EXPOSIÇÕES'),
(565,'7319002','PROMOÇÃO DE VENDAS'),
(565,'7319003','MARKETING DIRETO'),
(565,'7319004','CONSULTORIA EM PUBLICIDADE'),
(565,'7319099','OUTRAS ATIVIDADES DE PUBLICIDADE NÃO ESPECIFICADAS ANTERIORMENTE'),
(566,'7320300','PESQUISAS DE MERCADO E DE OPINIÃO PÚBLICA'),
(567,'7410202','DESIGN DE INTERIORES'),
(567,'7410203','DESIGN DE PRODUTO'),
(567,'7410299','ATIVIDADES DE DESIGN NÃO ESPECIFICADAS ANTERIORMENTE'),
(568,'7420001','ATIVIDADES DE PRODUÇÃO DE FOTOGRAFIAS, EXCETO AÉREA E SUBMARINA'),
(568,'7420002','ATIVIDADES DE PRODUÇÃO DE FOTOGRAFIAS AÉREAS E SUBMARINAS'),
(568,'7420003','LABORATÓRIOS FOTOGRÁFICOS'),
(568,'7420004','FILMAGEM DE FESTAS E EVENTOS'),
(568,'7420005','SERVIÇOS DE MICROFILMAGEM'),
(569,'7490102','ESCAFANDRIA E MERGULHO');

INSERT INTO public.ibge_cnae_subclasse (classe_id, codigo, nome) VALUES
(569,'7490101','SERVIÇOS DE TRADUÇÃO, INTERPRETAÇÃO E SIMILARES'),
(569,'7490104','ATIVIDADES DE INTERMEDIAÇÃO E AGENCIAMENTO DE SERVIÇOS E NEGÓCIOS EM GERAL, EXCETO IMOBILIÁRIOS'),
(569,'7490105','AGENCIAMENTO DE PROFISSIONAIS PARA ATIVIDADES ESPORTIVAS, CULTURAIS E ARTÍSTICAS'),
(569,'7490199','OUTRAS ATIVIDADES PROFISSIONAIS, CIENTÍFICAS E TÉCNICAS NÃO ESPECIFICADAS ANTERIORMENTE'),
(569,'7490103','SERVIÇOS DE AGRONOMIA E DE CONSULTORIA ÀS ATIVIDADES AGRÍCOLAS E PECUÁRIAS'),
(570,'7500100','ATIVIDADES VETERINÁRIAS'),
(571,'9101500','ATIVIDADES DE BIBLIOTECAS E ARQUIVOS'),
(572,'9102301','ATIVIDADES DE MUSEUS E DE EXPLORAÇÃO DE LUGARES E PRÉDIOS HISTÓRICOS E ATRAÇÕES SIMILARES'),
(572,'9102302','RESTAURAÇÃO E CONSERVAÇÃO DE LUGARES E PRÉDIOS HISTÓRICOS'),
(573,'9103100','ATIVIDADES DE JARDINS BOTÂNICOS, ZOOLÓGICOS, PARQUES NACIONAIS, RESERVAS ECOLÓGICAS E ÁREAS DE PROTEÇÃO AMBIENTAL'),
(574,'9200301','CASAS DE BINGO'),
(574,'9200302','EXPLORAÇÃO DE APOSTAS EM CORRIDAS DE CAVALOS'),
(574,'9200399','EXPLORAÇÃO DE JOGOS DE AZAR E APOSTAS NÃO ESPECIFICADOS ANTERIORMENTE'),
(575,'7711000','LOCAÇÃO DE AUTOMÓVEIS SEM CONDUTOR'),
(576,'7719501','LOCAÇÃO DE EMBARCAÇÕES SEM TRIPULAÇÃO, EXCETO PARA FINS RECREATIVOS'),
(576,'7719502','LOCAÇÃO DE AERONAVES SEM TRIPULAÇÃO'),
(576,'7719599','LOCAÇÃO DE OUTROS MEIOS DE TRANSPORTE NÃO ESPECIFICADOS ANTERIORMENTE, SEM CONDUTOR'),
(577,'7721700','ALUGUEL DE EQUIPAMENTOS RECREATIVOS E ESPORTIVOS'),
(578,'7722500','ALUGUEL DE FITAS DE VÍDEO, DVDS E SIMILARES'),
(579,'7723300','ALUGUEL DE OBJETOS DO VESTUÁRIO, JÓIAS E ACESSÓRIOS'),
(580,'7729201','ALUGUEL DE APARELHOS DE JOGOS ELETRÔNICOS'),
(580,'7729202','ALUGUEL DE MÓVEIS, UTENSÍLIOS E APARELHOS DE USO DOMÉSTICO E PESSOAL; INSTRUMENTOS MUSICAIS'),
(580,'7729203','ALUGUEL DE MATERIAL MÉDICO'),
(580,'7729299','ALUGUEL DE OUTROS OBJETOS PESSOAIS E DOMÉSTICOS NÃO ESPECIFICADOS ANTERIORMENTE'),
(581,'7731400','ALUGUEL DE MÁQUINAS E EQUIPAMENTOS AGRÍCOLAS SEM OPERADOR'),
(582,'7732201','ALUGUEL DE MÁQUINAS E EQUIPAMENTOS PARA CONSTRUÇÃO SEM OPERADOR, EXCETO ANDAIMES'),
(582,'7732202','ALUGUEL DE ANDAIMES'),
(583,'7733100','ALUGUEL DE MÁQUINAS E EQUIPAMENTOS PARA ESCRITÓRIOS'),
(584,'7739001','ALUGUEL DE MÁQUINAS E EQUIPAMENTOS PARA EXTRAÇÃO DE MINÉRIOS E PETRÓLEO, SEM OPERADOR'),
(584,'7739002','ALUGUEL DE EQUIPAMENTOS CIENTÍFICOS, MÉDICOS E HOSPITALARES, SEM OPERADOR'),
(584,'7739003','ALUGUEL DE PALCOS, COBERTURAS E OUTRAS ESTRUTURAS DE USO TEMPORÁRIO, EXCETO ANDAIMES'),
(584,'7739099','ALUGUEL DE OUTRAS MÁQUINAS E EQUIPAMENTOS COMERCIAIS E INDUSTRIAIS NÃO ESPECIFICADOS ANTERIORMENTE, SEM OPERADOR'),
(585,'7740300','GESTÃO DE ATIVOS INTANGÍVEIS NÃO FINANCEIROS'),
(586,'7810800','SELEÇÃO E AGENCIAMENTO DE MÃO DE OBRA'),
(587,'7820500','LOCAÇÃO DE MÃO DE OBRA TEMPORÁRIA'),
(588,'7830200','FORNECIMENTO E GESTÃO DE RECURSOS HUMANOS PARA TERCEIROS'),
(589,'7911200','AGÊNCIAS DE VIAGENS'),
(590,'7912100','OPERADORES TURÍSTICOS'),
(591,'7990200','SERVIÇOS DE RESERVAS E OUTROS SERVIÇOS DE TURISMO NÃO ESPECIFICADOS ANTERIORMENTE'),
(592,'8011101','ATIVIDADES DE VIGILÂNCIA E SEGURANÇA PRIVADA');

INSERT INTO public.ibge_cnae_subclasse (classe_id, codigo, nome) VALUES
(592,'8011102','SERVIÇOS DE ADESTRAMENTO DE CÃES DE GUARDA'),
(593,'8012900','ATIVIDADES DE TRANSPORTE DE VALORES'),
(594,'8020001','ATIVIDADES DE MONITORAMENTO DE SISTEMAS DE SEGURANÇA ELETRÔNICO'),
(594,'8020002','OUTRAS ATIVIDADES DE SERVIÇOS DE SEGURANÇA'),
(595,'8030700','ATIVIDADES DE INVESTIGAÇÃO PARTICULAR'),
(596,'8111700','SERVIÇOS COMBINADOS PARA APOIO A EDIFÍCIOS, EXCETO CONDOMÍNIOS PREDIAIS'),
(597,'8112500','CONDOMÍNIOS PREDIAIS'),
(598,'8121400','LIMPEZA EM PRÉDIOS E EM DOMICÍLIOS'),
(599,'8122200','IMUNIZAÇÃO E CONTROLE DE PRAGAS URBANAS'),
(600,'8129000','ATIVIDADES DE LIMPEZA NÃO ESPECIFICADAS ANTERIORMENTE'),
(601,'8130300','ATIVIDADES PAISAGÍSTICAS'),
(602,'8211300','SERVIÇOS COMBINADOS DE ESCRITÓRIO E APOIO ADMINISTRATIVO'),
(603,'8219901','FOTOCÓPIAS'),
(603,'8219999','PREPARAÇÃO DE DOCUMENTOS E SERVIÇOS ESPECIALIZADOS DE APOIO ADMINISTRATIVO NÃO ESPECIFICADOS ANTERIORMENTE'),
(604,'8220200','ATIVIDADES DE TELEATENDIMENTO'),
(605,'8230002','CASAS DE FESTAS E EVENTOS'),
(605,'8230001','SERVIÇOS DE ORGANIZAÇÃO DE FEIRAS, CONGRESSOS, EXPOSIÇÕES E FESTAS'),
(606,'8291100','ATIVIDADES DE COBRANÇAS E INFORMAÇÕES CADASTRAIS'),
(607,'8292000','ENVASAMENTO E EMPACOTAMENTO SOB CONTRATO'),
(608,'8299701','MEDIÇÃO DE CONSUMO DE ENERGIA ELÉTRICA, GÁS E ÁGUA'),
(608,'8299702','EMISSÃO DE VALES ALIMENTAÇÃO, VALES TRANSPORTE E SIMILARES'),
(608,'8299703','SERVIÇOS DE GRAVAÇÃO DE CARIMBOS, EXCETO CONFECÇÃO'),
(608,'8299704','LEILOEIROS INDEPENDENTES'),
(608,'8299705','SERVIÇOS DE LEVANTAMENTO DE FUNDOS SOB CONTRATO'),
(608,'8299706','CASAS LOTÉRICAS'),
(608,'8299707','SALAS DE ACESSO À INTERNET'),
(608,'8299799','OUTRAS ATIVIDADES DE SERVIÇOS PRESTADOS PRINCIPALMENTE ÀS EMPRESAS NÃO ESPECIFICADAS ANTERIORMENTE'),
(609,'8411600','ADMINISTRAÇÃO PÚBLICA EM GERAL'),
(610,'8412400','REGULAÇÃO DAS ATIVIDADES DE SAÚDE, EDUCAÇÃO, SERVIÇOS CULTURAIS E OUTROS SERVIÇOS SOCIAIS'),
(611,'8413200','REGULAÇÃO DAS ATIVIDADES ECONÔMICAS'),
(612,'8421300','RELAÇÕES EXTERIORES'),
(613,'8422100','DEFESA'),
(614,'8423000','JUSTIÇA'),
(615,'8424800','SEGURANÇA E ORDEM PÚBLICA'),
(616,'8425600','DEFESA CIVIL'),
(617,'8430200','SEGURIDADE SOCIAL OBRIGATÓRIA'),
(618,'8511200','EDUCAÇÃO INFANTIL - CRECHE'),
(619,'8512100','EDUCAÇÃO INFANTIL - PRÉESCOLA'),
(620,'8513900','ENSINO FUNDAMENTAL'),
(621,'8520100','ENSINO MÉDIO');

INSERT INTO public.ibge_cnae_subclasse (classe_id, codigo, nome) VALUES
(622,'8533300','EDUCAÇÃO SUPERIOR - PÓS GRADUAÇÃO E EXTENSÃO'),
(623,'8531700','EDUCAÇÃO SUPERIOR - GRADUAÇÃO'),
(624,'8532500','EDUCAÇÃO SUPERIOR - GRADUAÇÃO E PÓS GRADUAÇÃO'),
(625,'8541400','EDUCAÇÃO PROFISSIONAL DE NÍVEL TÉCNICO'),
(626,'8542200','EDUCAÇÃO PROFISSIONAL DE NÍVEL TECNOLÓGICO'),
(627,'8550301','ADMINISTRAÇÃO DE CAIXAS ESCOLARES'),
(627,'8550302','ATIVIDADES DE APOIO À EDUCAÇÃO, EXCETO CAIXAS ESCOLARES'),
(628,'8591100','ENSINO DE ESPORTES'),
(629,'8592901','ENSINO DE DANÇA'),
(629,'8592902','ENSINO DE ARTES CÊNICAS, EXCETO DANÇA'),
(629,'8592903','ENSINO DE MÚSICA'),
(629,'8592999','ENSINO DE ARTE E CULTURA NÃO ESPECIFICADO ANTERIORMENTE'),
(630,'8593700','ENSINO DE IDIOMAS'),
(631,'8599601','FORMAÇÃO DE CONDUTORES'),
(631,'8599602','CURSOS DE PILOTAGEM'),
(631,'8599603','TREINAMENTO EM INFORMÁTICA'),
(631,'8599604','TREINAMENTO EM DESENVOLVIMENTO PROFISSIONAL E GERENCIAL'),
(631,'8599605','CURSOS PREPARATÓRIOS PARA CONCURSOS'),
(631,'8599699','OUTRAS ATIVIDADES DE ENSINO NÃO ESPECIFICADAS ANTERIORMENTE'),
(632,'8610101','ATIVIDADES DE ATENDIMENTO HOSPITALAR, EXCETO PRONTO SOCORRO E UNIDADES PARA ATENDIMENTO A URGÊNCIAS'),
(632,'8610102','ATIVIDADES DE ATENDIMENTO EM PRONTO SOCORRO E UNIDADES HOSPITALARES PARA ATENDIMENTO A URGÊNCIAS'),
(633,'8621601','UTI MÓVEL'),
(633,'8621602','SERVIÇOS MÓVEIS DE ATENDIMENTO A URGÊNCIAS, EXCETO POR UTI MÓVEL'),
(634,'8622400','SERVIÇOS DE REMOÇÃO DE PACIENTES, EXCETO OS SERVIÇOS MÓVEIS DE ATENDIMENTO A URGÊNCIAS'),
(635,'8630599','ATIVIDADES DE ATENÇÃO AMBULATORIAL NÃO ESPECIFICADAS ANTERIORMENTE'),
(635,'8630501','ATIVIDADE MÉDICA AMBULATORIAL COM RECURSOS PARA REALIZAÇÃO DE PROCEDIMENTOS CIRÚRGICOS'),
(635,'8630502','ATIVIDADE MÉDICA AMBULATORIAL COM RECURSOS PARA REALIZAÇÃO DE EXAMES COMPLEMENTARES'),
(635,'8630503','ATIVIDADE MÉDICA AMBULATORIAL RESTRITA A CONSULTAS'),
(635,'8630504','ATIVIDADE ODONTOLÓGICA'),
(635,'8630506','SERVIÇOS DE VACINAÇÃO E IMUNIZAÇÃO HUMANA'),
(635,'8630507','ATIVIDADES DE REPRODUÇÃO HUMANA ASSISTIDA'),
(636,'8640201','LABORATÓRIOS DE ANATOMIA PATOLÓGICA E CITOLÓGICA'),
(636,'8640202','LABORATÓRIOS CLÍNICOS'),
(636,'8640203','SERVIÇOS DE DIÁLISE E NEFROLOGIA'),
(636,'8640204','SERVIÇOS DE TOMOGRAFIA'),
(636,'8640205','SERVIÇOS DE DIAGNÓSTICO POR IMAGEM COM USO DE RADIAÇÃO IONIZANTE, EXCETO TOMOGRAFIA'),
(636,'8640206','SERVIÇOS DE RESSONÂNCIA MAGNÉTICA'),
(636,'8640207','SERVIÇOS DE DIAGNÓSTICO POR IMAGEM SEM USO DE RADIAÇÃO IONIZANTE, EXCETO RESSONÂNCIA MAGNÉTICA'),
(636,'8640208','SERVIÇOS DE DIAGNÓSTICO POR REGISTRO GRÁFICO - ECG, EEG E OUTROS EXAMES ANÁLOGOS'),
(636,'8640209','SERVIÇOS DE DIAGNÓSTICO POR MÉTODOS ÓPTICOS - ENDOSCOPIA E OUTROS EXAMES ANÁLOGOS');

INSERT INTO public.ibge_cnae_subclasse (classe_id, codigo, nome) VALUES
(636,'8640210','SERVIÇOS DE QUIMIOTERAPIA'),
(636,'8640211','SERVIÇOS DE RADIOTERAPIA'),
(636,'8640212','SERVIÇOS DE HEMOTERAPIA'),
(636,'8640213','SERVIÇOS DE LITOTRIPCIA'),
(636,'8640214','SERVIÇOS DE BANCOS DE CÉLULAS E TECIDOS HUMANOS'),
(636,'8640299','ATIVIDADES DE SERVIÇOS DE COMPLEMENTAÇÃO DIAGNÓSTICA E TERAPÊUTICA NÃO ESPECIFICADAS ANTERIORMENTE'),
(637,'8650006','ATIVIDADES DE FONOAUDIOLOGIA'),
(637,'8650004','ATIVIDADES DE FISIOTERAPIA'),
(637,'8650001','ATIVIDADES DE ENFERMAGEM'),
(637,'8650002','ATIVIDADES DE PROFISSIONAIS DA NUTRIÇÃO'),
(637,'8650003','ATIVIDADES DE PSICOLOGIA E PSICANÁLISE'),
(637,'8650007','ATIVIDADES DE TERAPIA DE NUTRIÇÃO ENTERAL E PARENTERAL'),
(637,'8650099','ATIVIDADES DE PROFISSIONAIS DA ÁREA DE SAÚDE NÃO ESPECIFICADAS ANTERIORMENTE'),
(637,'8650005','ATIVIDADES DE TERAPIA OCUPACIONAL'),
(638,'8660700','ATIVIDADES DE APOIO À GESTÃO DE SAÚDE'),
(639,'8690901','ATIVIDADES DE PRÁTICAS INTEGRATIVAS E COMPLEMENTARES EM SAÚDE HUMANA'),
(639,'8690902','ATIVIDADES DE BANCO DE LEITE HUMANO'),
(639,'8690903','ATIVIDADES DE ACUPUNTURA'),
(639,'8690904','ATIVIDADES DE PODOLOGIA'),
(639,'8690999','OUTRAS ATIVIDADES DE ATENÇÃO À SAÚDE HUMANA NÃO ESPECIFICADAS ANTERIORMENTE'),
(640,'8711501','CLÍNICAS E RESIDÊNCIAS GERIÁTRICAS'),
(640,'8711502','INSTITUIÇÕES DE LONGA PERMANÊNCIA PARA IDOSOS'),
(640,'8711503','ATIVIDADES DE ASSISTÊNCIA A DEFICIENTES FÍSICOS, IMUNODEPRIMIDOS E CONVALESCENTES'),
(640,'8711504','CENTROS DE APOIO A PACIENTES COM CÂNCER E COM AIDS'),
(640,'8711505','CONDOMÍNIOS RESIDENCIAIS PARA IDOSOS'),
(641,'8712300','ATIVIDADES DE FORNECIMENTO DE INFRAESTRUTURA DE APOIO E ASSISTÊNCIA A PACIENTE NO DOMICÍLIO'),
(642,'8720401','ATIVIDADES DE CENTROS DE ASSISTÊNCIA PSICOSSOCIAL'),
(642,'8720499','ATIVIDADES DE ASSISTÊNCIA PSICOSSOCIAL E À SAÚDE A PORTADORES DE DISTÚRBIOS PSÍQUICOS, DEFICIÊNCIA MENTAL E DEPENDÊNCIA QUÍMICA E GRUPOS SIMILARES NÃO ESPECIFICADAS ANTERIORMENTE'),
(643,'8730101','ORFANATOS'),
(643,'8730102','ALBERGUES ASSISTENCIAIS'),
(643,'8730199','ATIVIDADES DE ASSISTÊNCIA SOCIAL PRESTADAS EM RESIDÊNCIAS COLETIVAS E PARTICULARES NÃO ESPECIFICADAS ANTERIORMENTE'),
(644,'8800600','SERVIÇOS DE ASSISTÊNCIA SOCIAL SEM ALOJAMENTO'),
(645,'9001901','PRODUÇÃO TEATRAL'),
(645,'9001902','PRODUÇÃO MUSICAL'),
(645,'9001903','PRODUÇÃO DE ESPETÁCULOS DE DANÇA'),
(645,'9001904','PRODUÇÃO DE ESPETÁCULOS CIRCENSES, DE MARIONETES E SIMILARES'),
(645,'9001905','PRODUÇÃO DE ESPETÁCULOS DE RODEIOS, VAQUEJADAS E SIMILARES'),
(645,'9001906','ATIVIDADES DE SONORIZAÇÃO E DE ILUMINAÇÃO'),
(645,'9001999','ARTES CÊNICAS, ESPETÁCULOS E ATIVIDADES COMPLEMENTARES NÃO ESPECIFICADAS ANTERIORMENTE'),
(646,'9002702','RESTAURAÇÃO DE OBRAS DE ARTE');

INSERT INTO public.ibge_cnae_subclasse (classe_id, codigo, nome) VALUES
(646,'9002701','ATIVIDADES DE ARTISTAS PLÁSTICOS, JORNALISTAS INDEPENDENTES E ESCRITORES'),
(647,'9003500','GESTÃO DE ESPAÇOS PARA ARTES CÊNICAS, ESPETÁCULOS E OUTRAS ATIVIDADES ARTÍSTICAS'),
(648,'9311500','GESTÃO DE INSTALAÇÕES DE ESPORTES'),
(649,'9312300','CLUBES SOCIAIS, ESPORTIVOS E SIMILARES'),
(650,'9313100','ATIVIDADES DE CONDICIONAMENTO FÍSICO'),
(651,'9319101','PRODUÇÃO E PROMOÇÃO DE EVENTOS ESPORTIVOS'),
(651,'9319199','OUTRAS ATIVIDADES ESPORTIVAS NÃO ESPECIFICADAS ANTERIORMENTE'),
(652,'9321200','PARQUES DE DIVERSÃO E PARQUES TEMÁTICOS'),
(653,'9329801','DISCOTECAS, DANCETERIAS, SALÕES DE DANÇA E SIMILARES'),
(653,'9329802','EXPLORAÇÃO DE BOLICHES'),
(653,'9329803','EXPLORAÇÃO DE JOGOS DE SINUCA, BILHAR E SIMILARES'),
(653,'9329804','EXPLORAÇÃO DE JOGOS ELETRÔNICOS RECREATIVOS'),
(653,'9329899','OUTRAS ATIVIDADES DE RECREAÇÃO E LAZER NÃO ESPECIFICADAS ANTERIORMENTE'),
(654,'9411100','ATIVIDADES DE ORGANIZAÇÕES ASSOCIATIVAS PATRONAIS E EMPRESARIAIS'),
(655,'9412001','ATIVIDADES DE FISCALIZAÇÃO PROFISSIONAL'),
(655,'9412099','OUTRAS ATIVIDADES ASSOCIATIVAS PROFISSIONAIS'),
(656,'9420100','ATIVIDADES DE ORGANIZAÇÕES SINDICAIS'),
(657,'9430800','ATIVIDADES DE ASSOCIAÇÕES DE DEFESA DE DIREITOS SOCIAIS'),
(658,'9491000','ATIVIDADES DE ORGANIZAÇÕES RELIGIOSAS OU FILOSÓFICAS'),
(659,'9492800','ATIVIDADES DE ORGANIZAÇÕES POLÍTICAS'),
(660,'9493600','ATIVIDADES DE ORGANIZAÇÕES ASSOCIATIVAS LIGADAS À CULTURA E À ARTE'),
(661,'9499500','ATIVIDADES ASSOCIATIVAS NÃO ESPECIFICADAS ANTERIORMENTE'),
(662,'9511800','REPARAÇÃO E MANUTENÇÃO DE COMPUTADORES E DE EQUIPAMENTOS PERIFÉRICOS'),
(663,'9512600','REPARAÇÃO E MANUTENÇÃO DE EQUIPAMENTOS DE COMUNICAÇÃO'),
(664,'9521500','REPARAÇÃO E MANUTENÇÃO DE EQUIPAMENTOS ELETROELETRÔNICOS DE USO PESSOAL E DOMÉSTICO'),
(665,'9529103','REPARAÇÃO DE RELÓGIOS'),
(665,'9529101','REPARAÇÃO DE CALÇADOS, DE BOLSAS E ARTIGOS DE VIAGEM'),
(665,'9529102','CHAVEIROS'),
(665,'9529104','REPARAÇÃO DE BICICLETAS, TRICICLOS E OUTROS VEÍCULOS NÃO MOTORIZADOS'),
(665,'9529105','REPARAÇÃO DE ARTIGOS DO MOBILIÁRIO'),
(665,'9529106','REPARAÇÃO DE JÓIAS'),
(665,'9529199','REPARAÇÃO E MANUTENÇÃO DE OUTROS OBJETOS E EQUIPAMENTOS PESSOAIS E DOMÉSTICOS NÃO ESPECIFICADOS ANTERIORMENTE'),
(666,'9601701','LAVANDERIAS'),
(666,'9601702','TINTURARIAS'),
(666,'9601703','TOALHEIROS'),
(667,'9602502','ATIVIDADES DE ESTÉTICA E OUTROS SERVIÇOS DE CUIDADOS COM A BELEZA'),
(667,'9602501','CABELEIREIROS, MANICURE E PEDICURE'),
(668,'9603302','SERVIÇOS DE CREMAÇÃO'),
(668,'9603303','SERVIÇOS DE SEPULTAMENTO'),
(668,'9603304','SERVIÇOS DE FUNERÁRIAS');

INSERT INTO public.ibge_cnae_subclasse (classe_id, codigo, nome) VALUES
(668,'9603305','SERVIÇOS DE SOMATOCONSERVAÇÃO'),
(668,'9603399','ATIVIDADES FUNERÁRIAS E SERVIÇOS RELACIONADOS NÃO ESPECIFICADOS ANTERIORMENTE'),
(668,'9603301','GESTÃO E MANUTENÇÃO DE CEMITÉRIOS'),
(669,'9609202','AGÊNCIAS MATRIMONIAIS'),
(669,'9609204','EXPLORAÇÃO DE MÁQUINAS DE SERVIÇOS PESSOAIS ACIONADAS POR MOEDA'),
(669,'9609205','ATIVIDADES DE SAUNA E BANHOS'),
(669,'9609206','SERVIÇOS DE TATUAGEM E COLOCAÇÃO DE PIERCING'),
(669,'9609207','ALOJAMENTO DE ANIMAIS DOMÉSTICOS'),
(669,'9609208','HIGIENE E EMBELEZAMENTO DE ANIMAIS DOMÉSTICOS'),
(669,'9609299','OUTRAS ATIVIDADES DE SERVIÇOS PESSOAIS NÃO ESPECIFICADAS ANTERIORMENTE'),
(670,'9700500','SERVIÇOS DOMÉSTICOS'),
(671,'9900800','ORGANISMOS INTERNACIONAIS E OUTRAS INSTITUIÇÕES EXTRATERRITORIAIS');

-- public.cnae = mesmo resultado do SELECT aninhado do Kelvin
INSERT INTO public.cnae (secao, divisao, grupo, classe, subclasse, denominacao, ativo)
SELECT s.nome, d.nome, g.nome, c.nome, sc.codigo::text, sc.nome, true
FROM public.ibge_cnae_subclasse sc
JOIN public.ibge_cnae_classe c ON c.id = sc.classe_id
JOIN public.ibge_cnae_grupo g ON g.id = c.grupo_id
JOIN public.ibge_cnae_divisao d ON d.id = g.divisao_id
JOIN public.ibge_cnae_secao s ON s.id = d.secao_id
ORDER BY sc.codigo;

SELECT setval(pg_get_serial_sequence('public.ibge_cnae_secao', 'id'), COALESCE((SELECT MAX(id) FROM public.ibge_cnae_secao), 1));
SELECT setval(pg_get_serial_sequence('public.ibge_cnae_divisao', 'id'), COALESCE((SELECT MAX(id) FROM public.ibge_cnae_divisao), 1));
SELECT setval(pg_get_serial_sequence('public.ibge_cnae_grupo', 'id'), COALESCE((SELECT MAX(id) FROM public.ibge_cnae_grupo), 1));
SELECT setval(pg_get_serial_sequence('public.ibge_cnae_classe', 'id'), COALESCE((SELECT MAX(id) FROM public.ibge_cnae_classe), 1));
SELECT setval(pg_get_serial_sequence('public.ibge_cnae_subclasse', 'id'), COALESCE((SELECT MAX(id) FROM public.ibge_cnae_subclasse), 1));

CREATE UNIQUE INDEX IF NOT EXISTS uq_cnae_subclasse ON public.cnae (subclasse);

TRUNCATE public.cnae_ibge_hierarquia;
INSERT INTO public.cnae_ibge_hierarquia (subclasse, secao, divisao, grupo, classe)
SELECT subclasse, secao, divisao, grupo, classe FROM public.cnae;

COMMIT;
